,pdb_file,chain_id,res_i_id,res_j_id,P,D,Ttheta1,Ttheta2,Phi1,Phi2,H-bond,CH_bond,is_stacked
0,1IU6,A,29,12,78.66967982403247,4.878819381745535,7.002918051855804,84.21743487907635,61.244482704128465,256.62306859579076,False,True,False
1,1IU6,A,48,10,87.97717786855955,6.244280976467235,3.895428283802011,4.661128900710236,206.3931059842762,90.38797080824375,False,False,False
2,1L2K,A,106,103,10.2042669288757,5.633161165624376,22.501554879903868,31.464232208610316,82.84531111020489,60.15251765551438,False,False,False
3,1NTP,A,181,228,17.671620562833397,4.512289912390014,38.6800234855403,56.192324702508174,295.86106195145925,354.9228168319442,False,True,True
4,1VCX,A,29,12,63.188350513760405,4.775082338309405,16.091300270235006,78.98686996466493,59.188973711205605,231.3414399531069,False,True,False
5,1VCX,A,48,10,81.83360666803823,6.2589448374625025,2.3842524784372308,4.9570895023878006,206.1272960785457,89.021801216876,False,False,False
6,2R24,A,273,39,59.16494150872287,4.718900379582532,18.968016016076202,77.49104349528461,61.05210302403815,307.7154043927144,False,True,False
7,2R24,A,311,309,9.285777923854972,4.015626640267366,68.78983171660332,72.84335076364995,305.99524585679626,9.343908746140244,False,False,True
8,2ZOI,A,75,94,79.63877508403327,4.873238103774528,6.559300509360809,83.38331408858791,293.79250003710814,54.39474803020301,False,True,False
9,2ZOI,A,79,76,53.71790537754081,4.67621380322014,70.2452454650286,19.443986810425404,353.30818281648504,289.0800948654789,False,True,False
10,2ZOI,A,96,94,54.069595837295566,4.70864398589658,21.823622840311504,75.70388992798482,58.058536965489395,62.49194236950828,False,True,False
11,3A1R,A,46,25,49.84179763575193,4.681634895323331,76.2972358088873,26.4578945447579,113.71645763520829,242.65190740100897,False,True,False
12,3KCJ,A,11,310,84.1942582372362,4.863754658952059,2.869576963377659,78.51230189066052,130.21459751027436,324.78819822671073,False,True,False
13,3KCJ,A,162,212,7.0312926162569624,4.025646946812227,70.84979132630225,70.27836768826232,327.95248167144496,36.64332336271291,False,False,True
14,3KCJ,A,178,134,72.21512008066864,4.855806742610766,11.044441784461974,74.25877863353762,104.28277176417865,358.37394972442297,False,True,False
15,3KCJ,A,260,310,36.750087250714216,5.84311329628836,36.84372927213304,21.006444665873666,232.81205774828493,52.43839494866128,False,False,False
16,3KCO,A,11,310,88.65546485449025,4.868761284817407,0.5963205785864503,79.55692536811034,130.69667566541062,324.78003013538114,False,True,False
17,3KCO,A,178,134,72.89460300792462,4.859451722725401,10.413158406247017,73.75161496821991,103.71033960972984,1.7855705639549444,False,True,False
18,3KCO,A,178,212,55.329958772196434,4.659240559641103,20.504161272202612,74.61304228676421,292.4688518482287,149.6840976005601,False,True,False
19,3KCO,A,99,114,27.55029733400902,5.803268850867336,32.918383511575065,14.321664355524163,161.5727381222381,91.93203414753124,False,False,False
20,3KYX,A,29,12,77.90609086022663,4.835459661190029,8.058365498308696,82.01581000085976,66.56559882486681,253.5153022630973,False,True,False
21,3L45,A,82,88,33.69827660329052,5.40456473257436,16.22491536664437,49.71815234682631,275.77567806525667,64.29639448399432,False,False,False
22,3QZA,A,11,310,89.73512602807988,4.866893219184124,0.5148409270774736,79.29989602509191,130.8903165798416,320.6876494679865,False,True,False
23,3QZA,A,162,212,13.727203936044816,4.542450135781865,54.27510615305357,40.61446348997726,358.1258516747558,58.83411102754628,False,True,True
24,3QZA,A,178,212,51.82383756114202,4.6167307844318,23.1943369148439,73.66772901243598,291.5188443970713,146.17631472818871,False,True,False
25,3QZA,A,260,310,32.22628267369779,5.55178767607476,34.8937578853358,34.986197703741084,228.8962057328359,50.266222912265924,False,False,False
26,3RYG,A,29,12,72.75488844752866,4.836998872885132,10.627470323985609,82.4869485944911,61.03376757265337,244.5415695425031,False,True,False
27,3RZ6,A,48,10,86.17197143041663,6.24080323783348,8.188180838525797,5.293848472484275,206.64968757051543,91.7725014554402,False,False,False
28,3RZT,A,29,12,66.18189832264494,4.786824240137584,14.616772492576079,80.21747789175845,61.23469281289029,238.33046583286915,False,True,False
29,3SS2,A,29,12,64.73979489167155,5.732460720218525,8.237770398893803,56.500726059542004,51.200676621311466,43.7976456639473,False,False,False
30,3VXF,H,199,228,6.784950880579373,4.057452528741092,69.00080316985408,68.45769793251812,35.71528762412309,299.0019195712885,False,False,True
31,3VXF,H,245,89,12.206940247627003,3.986821075292704,71.38648176677103,66.10112066512254,32.383137421527856,126.69031836408853,False,False,True
32,4AR3,A,48,10,87.67421638122292,6.233108223532858,5.279447956675564,8.355918738301051,205.37527970160417,90.7281368111516,False,False,False
33,4AR4,A,29,12,44.94571387813539,4.619215319743367,24.867714054663384,69.09101440671633,60.66051415797875,14.815154184783225,False,True,True
34,4GPG,A,52,28,82.99647898348816,4.856721706295204,4.778042885050481,80.09663864144035,225.76041798362633,19.63287761323771,False,True,False
35,4K9F,A,48,10,89.71988130028329,6.224015709404801,7.065161490114019,8.251455381805453,204.60223834317247,91.52999133757841,False,False,False
36,4LNC,A,178,212,52.8155616536378,4.63576320953027,22.132265752765893,73.71511977132316,292.6362422198068,208.69007201682308,False,True,False
37,4LNC,A,61,114,28.93711578127026,7.438221028555208,7.109107909691581,2.492095318471717,142.211359057781,174.89101491881834,False,False,False
38,4LNC,A,99,114,53.781113716996934,5.549169042139451,50.78331084623288,2.801127572480792,174.65026465073785,89.95042709132305,False,False,False
39,4PDJ,A,125,100,53.13789093412301,4.670549983877135,23.693802989953305,71.73922540933766,104.29682186742167,347.87829687902126,False,True,False
40,4PVM,A,44,69,76.95857244740866,4.831283950345469,81.67014079039937,9.075951304447477,302.99592221763714,113.15121540585919,False,True,False
41,4PVM,A,64,105,84.48170841963788,4.878157214237156,2.274153718594127,79.83699362929381,190.13318698201925,283.4245551377534,False,True,False
42,4PVM,A,87,114,38.153697688171675,5.083756793048654,35.420107029529234,50.43574357014589,25.79181812594974,120.05269726652678,False,True,False
43,4PVM,B,44,69,79.53861505550313,4.8545358858006225,78.13995225004307,7.914298720700458,307.1567459097846,107.59185864018527,False,True,False
44,4PVM,B,64,69,75.68907632558233,4.829183169186117,8.571788785477333,78.59480616293295,105.73073383632001,148.23043408705325,False,True,False
45,4PVM,B,87,114,38.28914738975135,5.084613834136928,35.23027351518985,51.711668219422755,25.998624421950645,118.32527226566005,False,True,False
46,4PVM,B,95,105,73.12777195240088,4.834328106262277,10.680511980350811,77.0521568382627,225.54495630896892,354.58525031301815,False,True,False
47,4PVN,A,64,105,89.64802960062094,4.920232868734468,1.4674291565811477,88.0731587817406,181.26970634222926,275.00154604124185,False,True,False
48,4PVN,A,64,69,62.928573888127715,4.729702996635421,17.97863449567862,75.65057539245302,104.23997938731875,198.01275323763983,False,True,False
49,4PVN,A,95,105,76.08522610157763,4.8616055487068826,9.002542047555476,77.65042292997947,224.7750672373754,0.8227389690242134,False,True,False
50,4PVN,B,44,69,79.21664947667972,4.867672618898618,78.73587873667596,8.28144512772353,306.7289049661274,109.64944735544319,False,True,False
51,4PVN,B,64,105,67.6418353632276,4.8040101940920374,14.581938988680667,78.29972755346964,225.38637537448764,67.30464493524057,False,True,False
52,4Q49,A,147,114,13.873833759584937,4.517778723085741,54.652081718519014,41.11492230748908,355.77866021548454,59.05922983364649,False,True,True
53,4Q49,A,231,7,19.17655217175377,5.53326122577508,20.89154619423205,39.97582818208475,161.65426810107093,314.04607920716205,False,False,False
54,4QCD,A,244,212,55.12028399096318,6.13498769351277,26.668741677541615,27.0483256593471,276.1838887066916,247.1650599343899,False,False,False
55,4QCD,A,92,212,9.381000305034519,6.562054870375805,2.579948786962317,6.085617991097091,138.17672542976143,282.13711790413515,False,False,False
56,4QDW,A,162,212,0.5059038299257125,4.091296377755221,68.40339180185224,68.75424072316262,312.7624063907676,49.11946745133749,False,False,True
57,4QDW,A,178,212,7.538352970648759,3.9697956457215082,68.11690438306911,73.18682473311102,20.051902431941595,284.0574709831622,False,False,True
58,4S2D,A,14,171,77.0601895576189,4.879823063249489,6.266843496077073,81.28412630670277,242.38330213706018,340.64193430374496,False,True,False
59,4S2F,A,14,171,42.44584400646004,4.641906303833292,25.06171948807161,66.58230316325717,231.40429771953117,2.854996936459164,False,True,True
60,4S2F,A,156,87,73.53973737764291,4.814448313646468,10.02963548358657,75.9352731274671,131.27038680811555,178.98674584697704,False,True,False
61,4S2F,A,180,179,63.830211375522985,4.735148858097745,15.773926272339184,77.29448232788351,67.89993121373965,183.56099897691067,False,True,False
62,4S2G,A,14,171,72.40538297061066,4.869321178178497,8.83411496890214,80.76590775195733,233.38275314267008,31.4083200072924,False,True,False
63,4S2G,A,156,87,70.24883439249054,4.786881275084666,12.215107979536446,76.86527254459297,129.9799173720386,178.52663405569385,False,True,False
64,4S2G,A,180,179,49.52485473490537,4.623320186235792,24.76644722786386,73.09715874711108,62.724877049075474,125.00986199450843,False,True,False
65,4S2H,A,14,171,57.566150743567434,4.70632942209222,20.540794281874756,72.31776820309658,251.71171952291138,5.1169951809672805,False,True,False
66,4S2H,A,14,9,49.507100969402444,4.646480480228787,23.723014249375673,73.1603793887719,59.96666316328953,138.1660308554115,False,True,False
67,4S2H,A,156,87,55.038895454057716,4.657354113046322,22.14904972017875,73.53001430013799,130.1360811819728,156.4031335614152,False,True,False
68,4S2H,A,180,179,67.99662139102509,4.782133584554663,13.559231881036053,80.05392359031042,63.63553958972759,141.40750164303887,False,True,False
69,4XPV,A,14,171,49.18511352775391,4.728302498370059,20.8654460764505,69.78841196419636,232.9351471792247,18.811335547083242,False,True,False
70,4XPV,A,156,87,55.20546796438827,4.662279568081165,22.992784060675685,76.36365263833994,128.60930894086016,128.79728389764793,False,True,False
71,4XPV,A,180,179,60.79147045402269,4.7472027452699725,18.06273290236618,77.93648178825893,62.26286057000609,105.44206132500705,False,True,False
72,5A90,A,66,264,63.00654890885957,5.432877940663043,60.83181397778314,16.833796915524044,0.3644079576122228,35.86796665489007,False,True,False
73,5A93,A,66,264,67.31182514176055,5.50435857037692,60.39287973332582,12.811522331284085,13.147894844335607,35.68145413172509,False,True,False
74,5AI2,A,48,10,56.725645606254076,6.433697688831755,9.453470096451046,7.3943844856454755,215.2750067824158,80.58237081259787,False,False,False
75,5C6E,B,122,130,88.55941767679086,4.905120621446053,0.5888143190109846,80.0280293589742,130.7189742988106,326.70247981056434,False,True,False
76,5CG5,A,17,58,86.2917514498513,4.845497294271588,2.7548330433120576,80.60353819758849,283.5312822160724,341.55782700422316,False,True,False
77,5CG5,A,203,199,85.0739955666661,4.887822995623258,3.021645286578347,79.1052152724959,251.69663076110533,16.363869281268517,False,True,False
78,5CG5,A,238,349,7.57033056722733,4.049163429887744,66.98628984736091,71.27981545760312,331.7626919773407,37.534710020246514,False,False,True
79,5CG5,A,249,245,43.46654846328702,4.703896739712427,67.01459175282223,23.857106416549364,335.55909778046225,229.93034075721806,False,True,True
80,5CG5,A,314,245,10.481712134357252,4.058508899386625,67.87002313558594,69.51434944537864,313.581120507352,344.3751777021798,False,False,True
81,5CG6,A,17,58,75.58329013217535,4.826961850982386,10.213605148392336,79.38675023097503,250.44090396443085,98.8847350745767,False,True,False
82,5CG6,A,188,290,69.97939715377954,4.803909322595851,12.060870562473234,77.62964633215151,227.38173751707032,140.90269903626455,False,True,False
83,5CG6,A,203,199,85.24938379473961,4.882285635311015,2.7807060001087844,79.22708450760071,251.01597246962734,19.595857957432838,False,True,False
84,5CG6,A,238,349,8.596810678822996,4.011569465319607,68.81933693266639,71.46795014322738,307.0902599907948,123.14450850848183,False,False,True
85,5CG6,A,249,245,51.40188227888924,4.791877011233686,70.68108969993646,19.532493151567323,331.96586585728073,229.04699728082275,False,True,False
86,5CG6,A,249,305,10.930217090872219,3.9559438498712836,58.308370576505986,69.21263470350173,299.09902218600496,59.607106681573114,False,False,True
87,5CG6,A,314,245,11.193642687912615,4.0430293278863845,68.33499909641779,69.45956623722286,317.86299184064023,358.90541690876523,False,False,True
88,5CG6,A,99,204,47.725645280086695,4.635883622860165,25.433954524147406,72.64994564604625,296.9649613071257,302.1659903166021,False,True,False
89,5DPN,A,103,88,52.48815696048935,4.7376136001891265,73.87421538583536,21.533116350143256,310.7832918277965,241.6128754874708,False,True,False
90,5DPN,A,130,88,14.847850463229548,4.541594865972441,41.18425550908271,55.01415558651814,110.74266710062396,354.2742585189291,False,True,True
91,5GX9,A,63,76,12.545942696872913,4.554348538889901,54.22325644277515,41.702181645074305,0.827810041391063,300.9911965303947,False,True,True
92,5GX9,A,75,94,78.28159470332932,4.865806645911313,7.138652681516344,82.87858326953243,294.4070481661439,57.85849755285328,False,True,False
93,5GX9,A,79,118,72.76388148085314,4.830153516251256,10.444289213972153,81.3680906043619,62.21378763339637,318.7391563361448,False,True,False
94,5JPR,A,191,190,71.89277299820147,4.850845061484073,79.62531543843365,8.28609149214607,53.197612820128086,65.78624918151606,False,True,False
95,5JPR,A,231,235,20.764506078014115,4.502031786708425,38.595869395504515,58.13134770066405,244.99286343477442,357.4363022752552,False,True,True
96,5JPR,A,247,5,77.2534892857771,4.834978266662198,76.56493150836677,6.653603643664418,341.6208584819498,287.45236396381665,False,True,False
97,5JPR,A,96,97,74.02562575477614,5.511020394980581,11.080421088310112,64.60842650984307,321.99951856530237,199.04139190046172,False,True,False
98,5KWF,A,131,144,78.50261952896263,4.878744723133702,84.0174356912566,7.673438655722739,184.57831984828553,243.7357336434247,False,True,False
99,5KWF,A,148,144,47.25127766075989,4.576343529013851,26.26336439342444,72.55247656546918,293.76180590662943,130.57620320520155,False,True,False
100,5KWF,A,165,171,48.88144589671265,5.240655950345434,9.506072786933347,56.96240740768263,77.85706249005881,345.4623747677348,False,False,False
101,5KWF,A,173,171,15.729484267697606,4.530743746365934,39.916457028547576,55.633196426013406,115.0903633484344,357.3018195251732,False,True,True
102,5KWF,A,286,471,70.42932998072959,4.85466752692736,82.44931929325621,12.450354088488606,215.4886956508307,61.820896584408366,False,True,False
103,5KWF,A,388,101,88.00016024665776,5.588701913771503,19.346673159176635,58.428891135715816,117.44864645162275,141.24455921168428,False,False,False
104,5KWF,A,417,376,43.61353619467201,4.556187495315072,30.661524820601137,72.28232691821472,124.86339495263567,326.15389075201665,False,True,True
105,5KWF,A,444,446,78.73320746651265,4.842930437755461,7.576920822676545,80.00378431987328,248.76632472759349,252.95372828817494,False,True,False
106,5MNX,A,181,228,4.746563116994395,4.784671543041923,43.58510074422463,47.90205353469532,57.45415256038802,353.45181585210884,False,True,True
107,5MNX,A,41,39,43.114513769039995,4.612432684771519,27.07625389506928,70.19022954335945,60.080678978139545,145.72759704509244,False,True,True
108,5MNY,A,41,39,79.45962693790223,4.863599646734252,6.060573344742071,82.0909767535925,64.33001572111128,132.5346144412538,False,True,False
109,5MNZ,A,181,228,14.373044921034335,4.538029530674006,40.12380621009219,54.48922899272006,58.272902482423916,355.2823463225178,False,True,True
110,5MO1,A,181,228,88.395230198076,5.60005339985194,64.14331278901705,5.567030604492469,84.52116117094354,34.136555682834924,False,True,False
111,5NFE,A,44,69,82.40612848283246,4.835699092676414,80.7576327413648,5.903099772877035,314.3359237498273,108.13349675304403,False,True,False
112,5NFE,A,64,105,70.79695425439878,4.824815223665597,11.211763969056701,75.96402777722037,190.4974195038947,354.2464825351286,False,True,False
113,5NFE,A,87,114,61.959601852463805,5.512548549909474,13.234643542630561,62.3032169925785,36.453925938287234,81.97582264749867,False,True,False
114,5NFE,B,44,69,76.83309666324703,4.836236782201929,80.0878108309527,8.92852452494592,307.151827875604,109.04068635987177,False,True,False
115,5NFE,B,87,114,23.3994633283327,4.51517750028222,57.620704709868825,34.579025838777234,351.0899432878549,122.36844076286155,False,True,True
116,5NFE,B,95,105,82.30186411011356,4.882121510477055,5.069636601569541,77.2050388911512,224.4271156963156,343.5553310738856,False,True,False
117,5NFW,A,44,69,86.15387483255505,4.846698518276823,80.93055957878546,2.805510637884943,320.6896450881921,110.29984050610733,False,True,False
118,5NFW,A,64,105,88.70341015007116,4.866516046918225,0.9672751907315866,78.82050742813658,192.70016623166035,187.01297286852957,False,True,False
119,5NFW,A,64,69,64.09233650774301,4.739048714572904,17.14703239919317,76.06769007850133,103.50354743891421,197.93778622856104,False,True,False
120,5NFW,A,95,105,76.66322723011788,4.8583052196997,6.513713788091777,75.62892634600529,225.58623709711685,344.4496970923871,False,True,False
121,5NFW,B,44,69,82.95882557419282,4.8389179538728415,80.42006699194862,5.952745140563205,317.3517946463629,109.5691200736739,False,True,False
122,5NFW,B,64,69,60.80772985319413,4.703772575379755,18.683309743605214,75.49384055106023,106.59024697713302,194.41371809380237,False,True,False
123,5NFW,B,95,105,66.80984030789996,4.803739943651877,13.08248339651091,74.30818442670434,226.20352444364835,358.5152196667705,False,True,False
124,5TKI,A,190,91,85.5954075130102,4.849023037170231,2.955066082315432,81.76297142863831,224.64334915745223,168.77782199739653,False,True,False
125,5TKI,B,109,147,87.72772788423565,5.824472296530156,26.17370204508106,27.358336360650906,154.44945319669313,82.58336633932517,False,False,False
126,5TKI,B,167,194,75.02129374170761,4.851385994740613,6.937791722141653,77.50963971522869,249.60914817763387,45.23432535678497,False,True,False
127,5TKI,B,190,194,77.05968672196249,4.825499145920872,8.167616412963381,77.94686033266787,131.26649931002092,190.78264711810633,False,True,False
128,5ZN0,A,135,131,11.805937343151346,4.502963634264713,54.226397742688576,42.42862492383752,354.6509372286335,112.35927724407202,False,True,True
129,5ZN0,A,300,323,60.43902133010033,4.774560743705365,16.3003305565729,76.58900562017682,294.3273835040328,39.4755551162267,False,True,False
130,5ZN0,A,324,138,65.68473456082144,4.79507931918619,77.60447874016509,13.496091059485858,349.5102812977166,293.644555797678,False,True,False
131,5ZO0,A,14,171,34.68069155087389,4.5888562236849895,29.995536159086058,62.77348596903129,244.9511297668136,359.0061413592457,False,True,True
132,5ZO0,A,180,179,59.560511231008974,4.7195507564233266,18.500153081700823,76.39821962845578,63.696182776469044,129.19183844194345,False,True,False
133,5ZO0,A,35,27,44.559994996243944,4.682290318450143,68.06164714412827,23.775951584408087,338.6641758052387,127.0941556838666,False,True,True
134,6BBZ,A,116,113,65.52694975748864,4.818634059164588,81.88816261946097,16.478140094679684,182.1188406432447,60.9553813424867,False,True,False
135,6BBZ,A,77,159,8.064749137445157,3.9799448018486894,68.61198671226371,72.06392086695188,67.13058026249824,107.8221500147332,False,False,True
136,6C78,A,66,264,66.67397032599867,5.5890214337469075,59.65006877093642,9.477209429987578,23.674559197175416,323.73452067311007,False,True,False
137,6FJJ,A,230,7,35.700238428679334,5.4681768960101405,13.1722072407515,48.168820920862984,153.2213918426504,46.78404999093905,False,False,False
138,6GCY,A,230,7,36.02453966519998,5.529255926868592,12.636254966402369,47.47624454603377,154.19574560152034,44.72165603063827,False,False,False
139,6GTJ,A,220,303,1.9799145569654684,4.072124540176631,68.75903645329096,69.9140159125046,50.425555915190756,53.282347871582935,False,False,True
140,6GTJ,A,24,176,53.21574166898985,5.902456936291215,46.47054686676167,2.9365258464628283,72.80546511565315,250.11398634246956,False,False,False
141,6GTJ,A,295,301,78.4694166012332,4.856933727311833,7.109696784896817,77.04265563467608,101.05407121891656,200.94250029968214,False,True,False
142,6GTJ,A,320,176,84.18814799388116,5.484298671072731,37.72862712142487,41.35284183427306,201.19289397390153,88.07016927645522,False,False,False
143,6GTJ,A,64,134,67.68586381679758,4.835585425326212,81.07893501646616,14.198399630865646,149.64879475645768,242.2487495498665,False,True,False
144,6KK8,A,236,234,43.15456801813168,5.330172472399852,58.61021925048567,27.888379660225358,144.03190404941557,328.6690415071866,False,True,False
145,6KK8,A,48,45,59.07830461747146,4.775740107243681,23.892121341949473,81.60168453253026,264.6722947800764,5.713847024523442,False,False,False
146,6KK8,A,50,60,59.02320903559937,5.3878339934200605,65.59268335431679,17.886489807298215,14.30243072696796,318.345922270827,False,True,False
147,6KK8,B,229,180,88.56606725042008,4.893863196027175,81.94517737223859,1.3665106650442929,287.6111385392441,247.07826682245664,False,True,False
148,6KK8,B,236,234,49.4321277244392,5.396930821007304,61.082335016715774,21.86470384661367,126.62054765106618,31.24664797975774,False,True,False
149,6KK8,B,50,60,61.73500242990076,5.3793405789372075,63.866672658067124,18.40343618244641,4.8160300489811245,319.37351876627673,False,True,False
150,6L26,A,130,106,50.83377126038788,5.651833699257706,30.323732711997184,27.663679612953224,163.94015448320715,259.1316575482298,False,False,False
151,6L26,A,83,92,61.883855182036456,5.422779782000096,13.227975858094233,62.09010678948465,248.70278095080673,22.098706212521037,False,False,False
152,6L26,A,99,182,76.45544192045267,5.854734735391413,15.403959738071945,27.533857306938195,96.6951201902561,261.1183180918035,False,False,False
153,6L9C,X,105,302,87.98727936499978,4.8733872341478595,82.37150348540573,0.2116740799361724,138.14440308087688,248.78457318256517,False,True,False
154,6L9C,X,105,307,73.76304672612486,4.823614622391389,9.96844800225412,75.80099536040711,223.97883641749266,171.01297366627483,False,True,False
155,6L9C,X,386,384,13.35564592457874,4.538620677870387,42.4738350381146,54.58659588853429,243.3262876601691,359.1638418569249,False,True,True
156,6L9C,X,407,284,71.76229717025274,5.136163928936105,70.19677315698371,1.52401279811786,47.056466100621364,94.84029664813622,False,False,False
157,6L9C,X,435,384,30.546890558552832,4.315647462342845,42.30996960164433,72.66009211686493,185.60525310461185,94.0708080684015,False,False,True
158,6L9C,X,616,512,74.42513370193261,4.834130112125502,76.58032257290967,9.25465869587921,8.793657065652067,250.5693036031554,False,True,False
159,6NTJ,A,116,113,49.26273097938497,4.641930878427075,76.20975897867177,27.65603232646683,181.53027028068254,64.97167311780706,False,True,False
160,6TAE,A,186,235,62.412992310479765,4.7671950537316174,16.912254096279295,79.08110561413598,176.95165185688657,89.30215858666845,False,True,False
161,6TAE,A,191,190,78.88510477230653,4.843126872150186,81.72866741255054,6.395854988229885,101.27617732408157,68.58568178376191,False,True,False
162,6TAE,A,231,224,46.539597681918835,4.659163435318518,23.835297902244786,69.73935911965489,63.23365682099811,161.00014549724037,False,True,False
163,6XV4,A,186,235,60.92921044501301,4.751777372297317,18.15775698809967,78.70410421662822,176.41782163379528,89.29323819371383,False,True,False
164,6XV4,A,191,190,82.72099711846899,4.867361616922347,80.25491527750714,3.3319246962695552,90.986122036746,72.53362741430537,False,True,False
165,6XV4,A,191,224,69.8738014114451,5.387208230610266,73.50475567535935,15.712763445130182,164.34023628908264,41.7914934035358,False,True,False
166,6XV4,A,231,224,70.74984325590708,4.862473013095605,11.183957595964888,81.67055615656936,60.56526898790987,48.6425342809799,False,True,False
167,7AZ3,A,231,210,83.36028713024658,6.5739272250898,9.713611885620887,6.709082697994977,92.01783108536458,49.59434716981427,False,False,False
168,7AZ3,A,231,223,4.6127804628156355,4.018516073550569,68.41286179101353,71.92868776905686,307.17856348299125,307.35552080022455,False,False,True
169,7AZ4,A,231,210,83.36028713024658,6.5739272250898,9.713611885620887,6.709082697994977,92.01783108536458,49.59434716981427,False,False,False
170,7AZ4,A,28,60,5.6626471031542565,4.023249145885222,70.23620486705133,69.99721193024317,314.0304754274483,116.99022898524532,False,False,True
171,7AZ9,A,231,210,67.699440607496,4.825105923123677,13.615125761888253,78.60690417329076,248.61745740962806,63.62543916239586,False,True,False
172,7AZ9,A,231,223,5.139536228754054,4.017466490437703,70.07122574686458,72.81745331757155,33.05322365181059,309.98745996943813,False,False,True
173,7AZA,A,231,223,5.030612062616228,4.015634117720527,70.28662503668377,72.9498222975152,32.68281046392408,310.3146423295461,False,False,True
174,7AZA,A,28,60,7.657347366340595,4.014437625811481,69.50547047420345,69.58403351605845,307.9845616573586,232.3357890718333,False,False,True
175,7D6G,A,125,100,52.332352690000526,4.654713639378579,24.889950019076124,72.36463242804025,104.2438471311811,343.9250161792586,False,True,False
176,7D6G,A,153,151,88.79071786248434,4.8788669260681035,84.97295050188247,1.5414216169671535,222.16931876280935,65.69193724126782,False,True,False
177,7F4X,A,150,149,62.36681008742879,4.7241426916503935,16.638622116034004,77.95690476895395,63.24647612944002,134.1603014698534,False,True,False
178,7F4X,A,44,107,32.62939862397647,4.601692887622493,30.25352543186342,62.85800011091304,296.3972800596337,19.85365110179172,False,True,True
179,7T5E,A,190,194,88.74722929446085,4.873835462975095,0.867675684220477,78.21264035908585,132.20686919658147,205.53533687737283,False,True,False
180,7T5E,A,190,91,79.99058132564048,4.839464470369442,6.29353155581281,78.71338036297304,223.55330085561997,206.74118764876127,False,True,False
181,7T5E,B,190,91,89.93744057741425,4.861790111029937,0.6026902854581492,81.38776247783045,223.19740619860514,176.86373841937373,False,True,False
182,7TX3,A,6,152,8.971392118420539,4.044412224393348,67.04637812469495,72.05206972131722,318.7363316302127,13.577743026031204,False,False,True
183,7TX3,B,6,152,4.698153783152529,4.035213570239631,71.18302056474614,72.6315506345761,349.39592298646244,322.94018579244823,False,False,True
184,7TX3,B,6,9,56.220721466857356,5.12142914346085,22.28010530629248,69.60631887171417,45.01697139511455,126.23564913042229,False,False,False
185,7TX4,A,6,152,9.972909921353596,4.021826782773809,68.8404252230951,69.89762572750561,327.4210839488157,339.22597993005564,False,False,True
186,7TX5,A,6,152,8.848864560897766,4.011745658697513,70.08295002039685,71.78608526251011,342.1119939416973,331.38815389137864,False,False,True
187,7TX5,A,6,9,52.04547605309488,5.077983820340075,23.150993991876643,67.74560468338237,45.573388305992005,115.74952704548248,False,True,False
188,7WNO,X,386,384,8.260538560263758,3.976456206101819,69.93960339520396,75.21205363382089,348.25297502024273,317.4164325277293,False,False,True
189,7WNO,X,407,284,70.62622257875472,4.836179972232181,80.91789764811116,12.433632382515954,131.748068550647,112.77014786694917,False,True,False
190,7WNO,X,407,296,64.74486996576451,4.7996116781131475,78.44726289880397,15.48387775388231,307.2427069823987,115.31151907412595,False,True,False
191,7WNO,X,435,384,1.7551313312088723,4.116772993943474,72.00472708149326,70.41608810423753,140.35152323535334,350.0992173603097,False,False,True
192,7WNO,X,616,512,75.75931408697691,4.841157066426213,77.21093645860321,8.714777145116356,8.32732655901188,251.6238749765294,False,True,False
193,7WNO,X,63,41,58.74035639211342,4.772077856587272,77.73952340422326,19.433167010700554,219.85325459325074,60.8887601773984,False,True,False
194,7WNP,X,376,387,69.37345698779602,4.844771441707191,12.324342365131047,80.9328966461409,295.8621532465054,246.831399760975,False,True,False
195,7WNP,X,407,284,7.257446517222689,4.054469247616291,67.16948369576406,70.69861834396049,19.276047158432075,316.5198546636419,False,False,True
196,7WNP,X,616,512,85.41477735246171,4.888863665016413,77.48190736188904,0.2533662758127694,41.740236632786974,252.9691709739531,False,True,False
197,8DHD,A,150,152,39.31401859128244,5.588102867069335,38.48085208391853,20.16039967254381,196.96349257027006,285.6387749775074,False,False,False
198,8DHD,A,159,213,85.00666888635728,4.910081497871465,88.30644714282302,4.000953213229451,169.35275281332434,61.29079263087855,False,True,False
199,8DHD,A,163,152,76.58184084833985,4.84843489345397,8.853932121917488,79.60973524203962,227.30170635643998,320.31545132074064,False,True,False
200,8DHD,A,262,158,37.05683661935058,5.131090219501877,34.62563128612327,56.907042301178116,327.9633012100944,337.9035917255826,False,True,False
201,8DHD,A,268,108,9.641450804883107,3.987339919680286,71.57924539549741,69.37418092746357,147.85506919687842,285.35976594509293,False,False,True
202,8DHD,A,26,30,6.259338091731735,4.0497963209032095,70.1300980127448,69.25671417254578,46.06811529795284,49.321254359852254,False,False,True
203,1DGF,A,286,231,68.29248771232689,4.78451065246391,80.11178690927282,14.523012896504655,85.23208191481986,114.34196716992102,False,True,False
204,1HT6,A,5,324,57.40265044507012,4.78670818046523,17.448225373598117,70.29315246830173,165.1756307023627,0.9896110956739618,False,True,False
205,1HTR,B,308,312,84.36644914962537,4.89156113303319,85.70763906663421,4.654928351521285,113.60552766656086,63.18693059096759,False,True,False
206,1I4U,B,63,56,61.46672499168356,4.735396114944887,79.18358773979008,18.85190294146803,165.7692011594184,65.64139342559578,False,True,False
207,1KQ3,A,282,356,68.17111414964157,4.7982015829345075,13.006114076246677,75.48180275778587,166.02845958413192,0.23683876719962565,False,True,False
208,1KQF,C,59,138,56.95294215362901,6.060615203230673,26.96382079938733,27.581655673297615,183.97723689989076,126.32215188804307,False,False,False
209,1LFW,A,444,113,12.297733715753544,4.7450581559863405,47.21968826973521,46.17794457080153,345.52035517327784,176.41949182384803,False,True,True
210,1T0B,E,179,155,84.96031112401927,5.532749333527059,68.03060672935263,1.744582208687124,250.6387402974715,37.92398469123727,False,True,False
211,1V02,A,31,450,84.83514154203992,4.865826427580925,2.357635683273031,77.7945606833391,104.75702186560022,22.884714631539516,False,True,False
212,1X6I,A,43,32,51.726608633366766,4.644510286139136,73.14626512947652,22.876760652257094,30.862484019617032,293.2209765977576,False,True,False
213,1Y0H,A,12,77,81.60067842581722,4.839166192264896,5.594131279111812,78.457223705253,193.0049695265833,176.14493322381512,False,True,False
214,1YYA,A,201,197,2.3917924111489666,4.086080911257904,71.46163948505375,69.09380569643011,176.70168846000163,351.8797293416148,False,False,True
215,2B61,A,68,344,83.34848939046728,4.8984376935255955,83.89886536046282,3.9809833996319024,6.285363275613246,293.1190222674586,False,True,False
216,2H2I,A,48,40,5.85608281713077,3.970520660463597,69.22115743772127,74.5138874399279,336.89481096559507,247.10033062319388,False,False,True
217,2HBW,A,168,186,61.00901046577539,5.165475888164242,67.0648721401804,21.118639886166495,195.23317648508797,203.5937559608573,False,False,False
218,2HIY,B,64,68,68.97430721117516,4.8146045617432245,14.20555835109602,77.2100429589406,104.1799089488325,351.69618718750235,False,True,False
219,2P2S,A,166,167,45.14811928985174,4.6010336619826155,26.68145011400534,70.74848645529642,295.3114049402006,125.55234130339899,False,True,False
220,2W5V,A,345,63,78.35595134050848,4.842010902783688,80.50338083264378,8.935529844323426,266.6329953318839,68.12746789404068,False,True,False
221,2WN9,C,204,174,80.62096248662237,4.870018621967509,5.90459163081637,78.19512419478288,104.92523972790381,342.55379347030237,False,True,False
222,2X2S,B,3,107,71.57546168638144,4.804503239983777,11.531926411628941,81.893231649007,292.8716603131962,133.40435715860838,False,True,False
223,2XFG,B,503,537,67.96158437637514,4.784591365177063,14.067672750501451,80.10790279519188,227.5484060010178,111.76233227092112,False,True,False
224,3DZA,C,76,196,87.65139395551168,6.215212147195783,1.4807709593244134,11.23716917969254,153.21184560129785,268.39184965027175,False,False,False
225,3GO5,A,139,170,71.30054944935053,4.822768100121308,10.183400199521689,75.39864200522719,104.40998070069294,348.99401356618404,False,True,False
226,3GVE,A,114,110,29.28038862513668,4.534322225850512,69.37641100213433,44.45213206948271,118.25606187952333,55.44238696975462,False,False,True
227,3I10,A,152,149,79.67804370012266,4.83544105457716,7.259675406649431,81.49526023308717,289.29515778493476,225.12860621654175,False,True,False
228,3KKZ,A,206,205,41.02612795515273,4.649134233866961,67.01098034304371,25.99194814465439,23.689155981775755,60.62425394369313,False,True,True
229,3MK1,A,375,325,64.81571573745009,4.763092651654448,77.85947416714058,16.15074195214937,280.50136042873,65.78793506572438,False,True,False
230,3MMG,A,186,190,13.475726268164966,4.545687412561079,42.72637566179882,54.413603999952066,106.79949822902908,351.0003104146808,False,True,True
231,3N4J,A,66,63,71.00532652708914,4.83256244540646,11.451112469231882,81.69812155329726,294.7824612699145,237.00789509335863,False,True,False
232,3NSL,C,58,85,81.47528304125676,5.060616968660741,84.9802288957272,3.7034481812357987,25.856323791056262,133.59698327290425,False,True,False
233,3O14,A,119,85,53.286424805516035,6.2403945185358385,28.00248848285221,21.195289047598873,135.6906543747852,100.53187384952278,False,False,False
234,3PNZ,C,18,20,16.504698421591595,4.522870049863247,39.48188074531861,55.91939732983406,234.7246398563049,354.4957425232515,False,True,True
235,3R3S,C,165,209,56.298574787711416,5.438226685411004,16.88494899542602,61.34424125107638,32.04001507353789,259.98840943769466,False,True,False
236,3RO8,H,172,191,59.98818483555314,6.692895386578026,12.767284504349702,20.400161634256914,220.93417854802286,318.7009455039005,False,False,False
237,3S8G,C,31,27,74.9658084273508,4.830757406317619,8.612132876602121,76.79990008760294,250.99403711782975,8.107175868748296,False,True,False
238,3T4S,A,243,203,45.89364768033716,5.1018418451266445,15.80005953166266,61.57217308181977,282.72190811119873,41.67265622777628,False,True,False
239,3U7I,C,104,151,82.31736806836896,5.404097466614602,66.12055464905747,8.578153382164613,85.87413413867932,203.26591575499035,False,False,False
240,3UB1,D,293,267,46.28887196648964,4.576919594524557,70.86877173789192,27.163270424126523,19.537715855563665,247.1447623305234,False,True,False
241,3V4N,C,304,205,76.73048310302646,4.868502557041407,7.419596714280464,84.10592266176985,241.37137237239625,280.8386524252115,False,True,False
242,3VL1,B,274,255,66.11797871870193,4.802195494517127,78.99974929482707,13.69149531655092,287.7155414572972,292.36093516714453,False,True,False
243,3ZVS,C,31,4,0.5588314628172384,4.081547455688305,68.27510112174073,68.0402677461589,55.71720251509934,129.92308820780102,False,False,True
244,4DNX,B,283,51,8.033970248772704,4.013624896587729,69.08121662039642,70.87199836321008,39.67968109915878,61.000458826090686,False,False,True
245,4F5L,B,187,157,72.44736550788352,4.78844583133212,11.456868199827218,78.1055151299383,105.3000818808048,177.35634308854839,False,True,False
246,4KRX,B,145,152,78.53436545496402,4.86057311527077,7.167431134892741,79.75119695184243,105.53871939717602,50.132756123911264,False,True,False
247,4MTS,B,39,34,12.925202411157729,4.587738684695491,41.293460105173956,53.711120273865,118.33497239739889,0.23242601260195134,False,True,True
248,4PSR,B,252,256,10.473712101001723,4.688172589923848,44.81926632859962,51.024240319370506,195.15756465618793,7.374553452133023,False,True,True
249,4Q7Q,B,227,224,89.71242733799008,4.915489083184829,85.11130847710781,1.1475638858830353,45.001295534615124,295.85574528461694,False,True,False
250,4QHQ,A,271,250,82.12323189423468,4.917985454979817,87.42310577209689,5.606823124986287,162.4459541620036,296.42211874550736,False,True,False
251,4R03,A,135,131,45.48693726746983,4.6660563483335915,24.46350133614206,67.85191469266627,186.83597834765618,358.9439301613725,False,True,False
252,4Z8A,A,1471,1453,78.82400990567582,5.5991404061580825,64.88092379118407,10.139829079667244,252.97988525027893,32.74022818403658,False,True,False
253,5A12,A,24,199,63.29734660211967,4.812646689887981,14.193888444824601,71.48106532310081,191.37306349292086,347.8544241916081,False,True,False
254,5A7V,B,38,371,60.82289931626491,5.5289153329274985,63.11032975825674,16.58045645224817,126.10241777678459,31.87987421958734,False,True,False
255,5FAV,B,545,539,76.20518813228921,4.814035785035641,8.505576237557154,81.2770786858703,65.44324816776584,173.9821220644365,False,True,False
256,5FDF,A,283,286,5.048379083526949,4.096125959500529,73.24062631002239,68.19789162050817,180.44604477184623,10.565997750954917,False,False,True
257,5GNX,A,428,417,10.270770600800546,3.8748040910986155,63.05418774333768,73.31691344605946,315.65189375223815,256.6071867365756,False,False,True
258,5GY7,B,288,286,81.14000778716535,4.867210499046162,77.01094827453987,6.389837156160113,39.131828658609386,252.57917454988305,False,True,False
259,5GZK,A,145,272,41.81732466504411,4.562280648108959,67.8708615543343,27.47477454623392,15.094071676855316,64.7158968124106,False,True,True
260,5INR,C,348,392,40.995500422319076,6.071323193023951,16.43254367160935,21.01795414776569,157.718170260076,260.5446052576337,False,False,False
261,5JCI,A,25,9,77.06602465474413,4.841959307102034,7.863358432723366,78.95251877968956,129.21199116709712,356.26245220096627,False,True,False
262,5LUN,C,314,75,11.851752086880806,4.55124748696106,54.064261648733535,42.92699741807085,0.5771245761704311,60.91232392572814,False,True,True
263,5MSA,D,261,191,83.07977298198827,4.867359491043066,3.497096995672328,77.96018404729752,191.02529357969277,21.134850066499006,False,True,False
264,5N7Q,B,279,322,77.78931339663639,4.821734167109085,7.448660058769533,81.26856174450458,290.487975331327,357.46342105652985,False,True,False
265,5NS6,B,346,285,61.36772487684714,4.729530747335471,36.935933072082356,78.53773498754559,91.76181367217124,325.0224930177038,False,False,False
266,5O1L,B,122,257,65.00976988142826,4.789155806987206,15.515564031760983,73.50509851340618,251.45697131472423,0.7776111984738462,False,True,False
267,5OYA,G,112,107,73.45679905146157,5.806150826198566,0.6993317271149582,54.76831565475714,173.96610302191348,16.552658616519185,False,False,False
268,5TA0,B,165,143,78.48649385305598,4.838203691407891,8.017683314502094,77.64832233332635,193.0750794158008,175.0758889009816,False,True,False
269,5U2O,A,293,247,14.446272625236958,6.554376673221817,5.875314211309299,2.577993944394888,283.06421575372303,259.5851339039798,False,False,False
270,5UKI,A,337,101,66.70210022867629,5.839351338715467,32.128645379301716,12.022031245743353,98.86095177409878,98.67742763967709,False,False,False
271,5UQS,C,181,185,26.970338533657706,5.087592448759273,52.05832371344001,37.62554503620503,215.68793523934391,23.685092713965638,False,True,False
272,5VIQ,A,172,170,84.01746965261067,4.902138994815581,84.58086711269037,1.7211926270890336,41.251701838127445,295.54433657956787,False,True,False
273,5XK6,A,85,87,81.79792607573222,4.846112937029097,79.34683382233241,5.425766334096301,311.3507805852819,288.38517639762625,False,True,False
274,5XZT,K,86,30,67.35195677960364,4.792470193033425,14.144087515163276,76.65251956561961,226.72904923460345,352.75135099428144,False,True,False
275,5YJ7,A,360,359,84.8227236635732,4.853297097132297,82.0422124812721,6.1459841759789455,116.01111362184547,72.29006353122138,False,True,False
276,5ZN6,D,292,377,89.0266369235983,4.872013672943033,81.63053503425108,1.4857814909909397,248.81246288843207,249.44369091613476,False,True,False
277,6BGD,A,18,318,80.57342600646172,4.829143761675047,6.484262878053983,77.8567064306514,252.64989053124185,162.17764661342224,False,True,False
278,6DVH,A,198,44,87.40132351649666,5.6017594716690935,33.23479970626221,45.925495633874334,228.1519813622216,226.8661024263971,False,False,False
279,6DVH,D,95,125,7.717750029849327,4.053196256357603,68.5258826621698,71.64930646228224,317.7448014707872,344.6882814611168,False,False,True
280,6FJL,B,74,41,74.7713417675346,4.814565834591818,9.087633283329042,79.00597723973878,67.40774811366387,2.5122556441346617,False,True,False
281,6H2R,C,252,202,6.6350118402850455,4.09455691120954,69.73594707605628,67.56087039304977,243.36699991852748,320.7914243209135,False,False,True
282,6HJF,A,323,325,56.52250956434976,5.279473903577867,4.266082591815465,60.51248871447398,217.82826151892675,317.2948743548909,False,False,False
283,6KHL,A,235,236,75.91204273125064,4.839714925432771,8.28585724007654,78.73670430681929,285.48986190445663,275.89477377462583,False,True,False
284,6OJA,E,264,267,81.7771067492101,4.906414283175672,84.4693773343937,3.5632102508590027,92.25105319807929,63.56644935724963,False,True,False
285,6PBM,A,379,426,80.89636602609185,4.855383806957479,80.37799705552577,6.874836484981301,191.20627991901665,251.9641673797161,False,True,False
286,6QO0,D,54,58,54.64675691291509,4.708424559618872,81.37706005701205,26.80856854237056,149.18940182148813,63.4748552508887,False,True,False
287,6R3R,A,442,450,85.62997821867947,6.250435208737983,2.6252909048105164,4.858388334652297,209.79703534096723,86.60482369279097,False,False,False
288,6S07,A,66,146,12.285541978850395,4.554593799916395,54.00092954946664,41.879194091344466,1.0839852775329548,58.056025266463955,False,True,True
289,6SJ8,B,34,87,10.056235740416014,3.9806273510252983,69.51418738057524,71.59752200233707,0.14098426302727993,327.3704840454006,False,False,True
290,6TBI,B,108,187,12.488855347028172,4.8096774086994225,47.59603929873317,47.4203653408974,348.2166383822259,344.3047462308845,False,True,True
291,6TVE,P,247,286,82.724929685955,4.851201211427956,5.112364218538819,79.25533984291836,132.62315729979238,161.43382082788008,False,True,False
292,6WYC,D,138,328,88.76655260559943,4.855376407889843,78.6745561346211,0.5049763418844458,335.7115297238479,70.66079525850694,False,True,False
293,6YJI,A,451,454,65.94382003432519,4.781408166935822,14.765314224817097,79.2769334882219,291.4097530605985,219.6976862417046,False,True,False
294,6ZXU,C,165,214,57.76783431016008,4.781974475731714,77.14077340822448,19.813290838452627,66.90868518234744,296.30164447772,False,True,False
295,7C64,A,26,318,54.264839514473685,5.394464964068742,23.505287753358207,60.356148992286265,325.08747430372586,352.47716628258524,False,True,False
296,7CKA,A,173,174,12.30547570439207,4.51089221244906,54.872835351679825,43.19765061840685,357.9590985051253,241.28131332505296,False,True,True
297,7FE1,B,337,319,69.99629053525088,4.826920482993009,11.444637848484279,78.54668855566435,226.7201388796575,275.26464506307127,False,True,False
298,7FE4,C,121,131,38.736643887417785,6.449772771740283,14.336150524677716,0.5534681485893358,258.39275723675576,263.90203076302123,False,False,False
299,7L6J,A,181,152,74.07753717014272,4.844767898771116,8.59229468967448,74.83667967142219,103.86868160578399,342.8242527548706,False,True,False
300,7MO5,A,90,98,69.61083765869168,4.851797882868833,83.26472817199185,13.662977011628723,214.8611849887061,297.1068265808419,False,True,False
301,7NPA,K,391,364,88.62127138252193,4.873146055092657,2.098239535629793,77.93817160604202,101.77825803654952,146.49470565889578,False,True,False
302,7WAB,A,84,97,11.703882946495611,3.987021994928757,68.05437270757986,70.21541122633903,278.52521087420774,268.5024922113952,False,False,True
303,7WRK,A,80,50,8.056127227935178,4.018400014956521,78.23626045046953,71.41442365375438,140.58403185360288,167.8087116684461,False,False,True
304,7Z28,A,292,296,17.425929116116635,4.584651082814821,39.61709597986726,56.148341659935035,183.8759338375655,0.4083343736890966,False,False,True
