,Unnamed: 0,pdb_file,chain_id,res_i_id,res_j_id,P,Ttheta1,Ttheta2,Centroids_dist,Tphi1,Tphi2,H-bond
0,0,5JPR.pdb,A,96,97,60.81978776424465,3.044167002468207,29.28886948555039,6.577849494322458,0.4277047140766706,-81.10712348111639,False
1,1,5JPR.pdb,A,186,235,64.71819702157232,18.808343679523308,83.50185734501618,4.976445216729185,129.86428165565113,-120.47714110049344,False
2,2,5JPR.pdb,A,191,190,84.00097301830385,73.91586365705751,6.08880103857958,4.915840982463586,-165.8831429752079,71.01961853753778,False
3,3,5JPR.pdb,A,191,224,60.24897123609157,68.61976320998428,16.382692675601266,5.123793281036966,125.9830093775512,41.92868439763119,False
4,4,5JPR.pdb,A,231,224,50.95163240533116,18.74937378180452,66.95189283911796,5.460628587882523,-106.42700825925634,8.659206020212455,False
5,5,5JPR.pdb,A,231,235,69.38031514583658,43.41013777447822,30.08785006358392,5.843065786956706,150.48177867726102,26.72288417499256,False
6,6,5JPR.pdb,A,247,5,45.24856264769363,42.935558520981736,1.0733033956143658,6.158577725212584,63.77662728528345,-76.48684984725988,False
7,7,1IU6.pdb,A,29,3,13.053694885655544,59.41501924918838,71.0782361907782,4.254829487823602,-51.10133076543991,-63.333443187946415,False
8,8,1IU6.pdb,A,29,12,59.87747345176815,5.175966389422558,51.7167741009579,6.099928547455095,-118.36558390910552,56.63964106157341,False
9,9,1IU6.pdb,A,48,10,89.03138992366749,2.6069790011430887,0.5983059002180542,6.529120096408331,89.46353813691007,77.27670154964414,False
10,10,5GX9.pdb,A,63,76,18.177049628299244,63.10664572415615,45.246836082171846,4.317487115698624,-47.64397158408467,-58.27475462255536,False
11,11,5GX9.pdb,A,75,94,82.08441501402561,5.902240467641106,84.7959136612712,5.155082164817337,5.862001301974568,58.8925668847023,False
12,12,5GX9.pdb,A,79,76,29.705214273209712,22.09050339078723,2.64841706479963,6.661278332441016,8.588373824288402,-85.74011949757694,False
13,13,5GX9.pdb,A,79,118,78.64800183691163,40.9885933603697,76.0027560199122,5.587476916057687,169.1448354966744,-56.20391862472547,False
14,14,5GX9.pdb,A,92,94,80.43732267567674,7.540233210776967,36.99462559195185,6.156197485345401,56.67279614978911,-53.34892832226304,False
15,15,5GX9.pdb,A,96,94,58.43037076942293,17.544003400513695,16.72310730961727,6.296717569623217,-147.56406061229762,57.58429912931561,False
16,16,1L2K.pdb,A,106,103,22.291226005729545,24.18430617890907,32.874212306152224,5.8071055883719644,-143.29822998445516,66.17645163058994,False
17,17,5KWF.pdb,A,131,144,85.8823663152699,63.8126486894946,19.3677974374884,6.105716711156496,-62.46960441109229,-128.65459607067012,False
18,18,5KWF.pdb,A,148,144,48.68908709896439,27.93313435105993,73.9643477284407,4.884131104431859,35.15930256268627,147.53192175063205,False
19,19,5KWF.pdb,A,165,171,37.68412655712174,14.571661754398525,49.84339368188928,5.49437674319388,-138.34484166247302,-3.5365397647707124,False
20,20,5KWF.pdb,A,173,171,32.280408259596705,28.481886439732627,26.37419212561105,5.700356351871656,173.6586549567776,-73.58216171174884,False
21,21,5KWF.pdb,A,286,471,31.44154624126425,62.935690110610544,31.976881684009,4.675189181824106,94.83614736400293,61.90980751842788,False
22,22,5KWF.pdb,A,388,101,74.07396625985628,16.96210087029549,56.96564084382316,5.970257983818379,-173.5171408731815,179.8364853517645,False
23,23,5KWF.pdb,A,417,376,38.28613800906831,33.43322538735286,68.61910709865114,4.559912175879755,179.8031254138298,-35.49310249750438,False
24,24,5KWF.pdb,A,440,428,64.89184953886658,35.943356245700485,63.58371460997272,5.160404387243953,107.25543314880709,-143.6207311274785,False
25,25,5KWF.pdb,A,444,446,79.66885250511156,13.652576852219749,74.82866524599872,5.186610847341371,42.35472157773638,-89.18257771700142,False
26,26,5KWF.pdb,A,487,20,6.614586473670812,51.36191778847727,45.53049357641075,4.630331535601183,-65.24431051591799,-160.5824778000399,False
29,29,1NTP.pdb,A,181,228,33.0661643884765,51.45728036318794,23.329782553975612,5.824903284435017,70.05102445082876,24.375102343759096,False
30,30,5NFE.pdb,A,44,69,76.5138981454726,85.67923366214268,9.363059163995798,5.130170362104245,98.78008926940548,111.82420212071152,False
31,31,5NFE.pdb,A,64,69,60.90200394340562,17.188871682932323,70.5225018178904,4.821632264545106,-159.48313090511013,-169.33676897905335,False
32,32,5NFE.pdb,A,64,105,88.53431292662357,12.224753279250676,33.02117423153574,5.855575569822563,92.98005080835028,-85.33708131027099,False
33,33,5NFE.pdb,A,87,114,31.595227195844394,28.71604637365588,36.81261518633242,5.883564074609272,-80.49922271001999,80.80690467554199,False
34,34,5NFE.pdb,A,95,105,43.12650970282786,23.13380770914844,65.11348265625313,5.560876504904479,57.4538225199175,62.43881119956051,False
35,35,5NFE.pdb,B,44,69,73.82227025695992,82.25929305091938,8.992787990914747,5.416721177938897,96.458286649775,111.2090690437418,False
36,36,5NFE.pdb,B,64,69,45.53718726726103,28.40643503969034,67.39093269318813,4.727271603714101,-163.67337194841411,-163.33624559798267,False
37,37,5NFE.pdb,B,64,105,79.51516307292631,4.746640748697687,42.66436274242659,5.81874861848306,85.65988112097284,-84.96428794553977,False
38,38,5NFE.pdb,B,87,114,30.17741856209156,29.43861267010283,35.25263148493412,5.747143871665714,-82.35649809666755,78.30509207810908,False
39,39,5NFE.pdb,B,95,105,35.38565453223862,26.494359563457927,59.62075980411438,5.71728908333479,57.1544135281577,62.62389568072346,False
42,42,1VCX.pdb,A,29,12,62.40205262526041,12.001765161627755,47.80001366516785,6.190069897865612,-112.04139608306672,57.51475732482078,False
43,43,1VCX.pdb,A,48,10,83.21710525902795,1.2063488161725766,3.05055681199897,6.646092660551671,90.63745183553524,76.13069531013758,False
44,44,5NFW.pdb,A,44,69,77.37833370901215,85.5468125517189,8.844621492125139,5.170684523962557,110.36952288590692,112.56783067692204,False
45,45,5NFW.pdb,A,64,69,62.08676244695255,16.55918527062526,69.36708991679284,4.7712228435386645,-160.0628777158084,-172.22401425564095,False
46,46,5NFW.pdb,A,64,105,87.38996598751383,13.921038361050464,33.502591677100256,5.903048162659443,92.5079771661067,-85.47844514260075,False
47,47,5NFW.pdb,A,87,114,31.50262222900318,28.1952519484844,40.347805474639244,5.725245998279331,-81.32844787278687,82.79529387645869,False
48,48,5NFW.pdb,A,95,105,42.16407718594968,23.32451710358966,64.88453932585398,5.578482017285722,58.34183556064331,59.77738857320903,False
49,49,5NFW.pdb,B,44,69,77.16427929527984,81.60313390440697,6.948009399808451,5.339819619128663,121.6037146445884,109.29177951112614,False
50,50,5NFW.pdb,B,64,69,50.48679950984376,27.763127109561378,71.07700605872573,4.719097819357807,-161.34135348451667,-168.6970156288317,False
51,51,5NFW.pdb,B,64,105,82.12590810256818,5.873473710181892,43.88389527370636,5.7407679795412845,85.21117355163598,-85.88139252040921,False
52,52,5NFW.pdb,B,87,114,33.44722470135187,27.693156986850997,38.957939808330686,5.721954581676968,-80.84001989461963,82.27963111260729,False
53,53,5NFW.pdb,B,95,105,34.15027714479971,28.723687599031265,59.66087135805868,5.739058709565587,57.76016162486759,67.09583287272108,False
55,55,2R24.pdb,A,273,39,39.92441221183999,25.87772151828913,62.90968383508801,5.032945996152348,-117.40394559562311,-81.68240847762164,False
56,56,2R24.pdb,A,311,309,74.75637143121692,42.420880156572174,62.60241583116173,5.53042496705696,-3.916715607855004,157.53261163442934,False
57,57,2ZOI.pdb,A,63,76,16.38468922099236,63.46671040435855,47.1984156291747,4.273672078566435,-50.89916078329246,-58.18153619403013,False
58,58,2ZOI.pdb,A,75,94,83.38931891366565,4.714542760856918,85.02050951419498,5.139911987677093,6.783363401540584,59.25484544841989,False
59,59,2ZOI.pdb,A,79,76,31.45565870309704,23.49750860507227,4.285127813506029,6.833698446662152,3.67535940684163,-84.01022100189293,False
60,60,2ZOI.pdb,A,92,94,78.857334387185,8.71681457941067,36.97992319915096,6.132926511785486,56.84339221298506,-53.96887397594336,False
61,61,2ZOI.pdb,A,96,94,59.47278553005614,15.613542035740815,16.70524435024297,6.298961181688951,-146.42924474504582,56.84197400787355,False
62,62,5TKI.pdb,A,109,147,77.64451211319323,12.396146841829855,19.68215225674596,6.513308271699496,151.20367736622143,105.28449984943,False
63,63,5TKI.pdb,A,167,194,25.720033347491125,29.7849999724389,26.370667477559586,5.70245438595764,59.1875298256046,76.7081218523004,False
64,64,5TKI.pdb,A,190,91,89.74988706975496,5.231962706069674,78.48297630976838,4.994183619739123,91.54015180278768,165.5613911632965,False
65,65,5TKI.pdb,A,190,194,78.71134710335896,1.547471499052362,76.3950536940577,5.032850671895181,172.94676528705617,161.76528849652408,False
66,66,5TKI.pdb,B,109,147,77.92254229987793,12.350193988454764,19.522278106981663,6.543428641728711,148.23253460084928,105.69012090308954,False
67,67,5TKI.pdb,B,167,194,23.975895082198736,28.789331260997688,24.988394002139195,5.764416089607741,59.244093581229045,77.74631294343882,False
68,68,5TKI.pdb,B,190,91,88.68456214916212,5.918702969195913,79.05995517374917,4.979845280907057,90.74528036462704,170.27015460132344,False
69,69,5TKI.pdb,B,190,194,79.44780133662742,0.8324832246410269,75.60063319704183,5.008203948419493,173.24949231672915,166.98166068433233,False
70,70,5WEY.pdb,A,191,54,21.092940680059485,42.97200589832895,29.803985186420917,5.618649761820909,67.34873669031646,23.13726789235638,False
71,71,5WEY.pdb,A,197,67,72.43736108225471,30.30696548398824,50.73223872259937,6.063655022355609,94.74127341810342,-159.60107356812355,False
72,72,3A1R.pdb,A,46,25,87.15897989318823,55.9830757954134,24.475280064307203,5.9147452380649135,-0.5468958152704267,-140.83558993037093,False
73,73,5ZN0.pdb,A,121,125,63.07001273667317,10.252836638387723,65.4883370900845,5.482595849930808,-10.338941385596764,110.49671690770806,False
74,74,5ZN0.pdb,A,135,131,28.40202555818436,26.806175174525112,34.94403920637028,6.6021532166164585,-90.60546554160034,119.92195372479596,False
75,75,5ZN0.pdb,A,135,136,83.14768712399511,6.455853656487612,67.95697008301414,5.295302289286506,21.337313924376623,-89.7979285239962,False
76,76,5ZN0.pdb,A,181,23,78.63463546418637,10.358751982850947,46.62959944068368,5.837269449255532,61.84901119428224,95.1082579692484,False
77,77,5ZN0.pdb,A,181,26,10.380761852749393,20.10642606662442,17.211793207625185,6.277098083897114,-151.7814508136257,60.18285775126648,False
78,78,5ZN0.pdb,A,269,239,65.63407664963385,51.96375356133288,12.195455600253805,5.99009266024018,116.55325455690172,-52.25014934638388,False
79,79,5ZN0.pdb,A,300,323,27.16305095573909,31.855341224776232,35.471375025895334,5.496792269008581,10.433090668295366,60.29924419055811,False
80,80,5ZN0.pdb,A,324,138,53.71074113603918,63.36696677423247,9.661134318633476,5.33108887156283,-76.69559774305901,-57.18169288491254,False
81,81,5ZN0.pdb,A,324,323,64.66088302727672,67.6708047097099,22.69502364231904,5.216317147754986,177.46654210471584,58.23334186562019,False
82,82,3INS.pdb,B,24,16,71.38430051380071,9.413942292958993,7.045235948314778,7.209498857354406,-173.05469478716984,-40.1837947367613,False
83,83,5ZO0.pdb,A,14,9,66.44602786862632,3.2669744731132004,67.70907857182412,5.746786775650095,-103.77181237806067,-164.57605831999064,False
84,84,5ZO0.pdb,A,14,171,32.12556532695109,17.68031474827924,48.27367711408108,5.706376378950576,78.33123788973144,8.0282661314062,False
85,85,5ZO0.pdb,A,35,27,16.09791123615677,32.77464413645506,27.28605954491864,5.778618626891883,-11.298267248511188,129.91203008679224,False
86,86,5ZO0.pdb,A,156,87,81.16942867791853,23.939008446452323,68.15289053055974,5.286171862800491,162.4746458606198,-141.78564329287565,False
87,87,5ZO0.pdb,A,180,179,72.54122907918735,9.39399890928875,77.15230422936808,4.833501734087252,-122.55348911232429,-166.52712232898165,False
88,88,3KCJ.pdb,A,11,310,76.34180661265505,5.843030179168866,55.856851790958295,5.464953077009921,171.60845628078846,-35.59430639844225,False
89,89,3KCJ.pdb,A,61,114,70.3198296589999,8.058267616128028,6.22869347767935,6.944453304183649,97.8247977052562,166.5921798021689,False
90,90,3KCJ.pdb,A,99,114,18.47036642456601,29.477544627974822,12.438719393194392,5.874470698100957,142.1739025585157,93.05690849085263,False
91,91,3KCJ.pdb,A,162,212,87.66336618368543,35.79001408141737,30.121852889455823,6.105101187614668,-90.7006180003502,93.40701639052811,False
92,92,3KCJ.pdb,A,178,134,79.02716195110628,17.238072144031538,31.93333541863867,6.336577291646343,-151.35012019039155,34.23248819596693,False
93,93,3KCJ.pdb,A,178,212,17.677694608446618,30.31108901818067,41.17423768835257,5.498209627508134,-0.1685393416793083,108.245061177753,False
94,94,3KCJ.pdb,A,260,310,40.18299159602594,38.05252697381401,14.58522113688799,6.010287449176937,69.37949297928697,55.1961212363594,False
101,101,6BBZ.pdb,A,77,159,89.01074650576045,64.14144005993639,13.706129714302934,5.618839988295779,100.36310820660069,135.61555941264788,False
102,102,6BBZ.pdb,A,116,113,49.18560537699541,72.64831485519844,26.511140600481607,4.798800280008019,75.51522798126358,67.23662663942677,False
103,103,6BBZ.pdb,A,275,248,73.48656911855952,67.38393276175745,1.016042487284201,5.355838210728096,-62.535536392040335,-53.06352305711131,False
104,104,3KYX.pdb,A,29,12,60.91145004856909,8.253127181152674,48.788365246480375,6.162858608571415,-114.1320979533544,58.57483198256331,False
105,105,3KYX.pdb,A,48,10,83.92668238282216,1.986659010032148,1.3997273334460767,6.623714553627752,90.81061508750687,74.68125322661244,False
108,108,3L45.pdb,A,57,90,40.16501382131756,47.16947791284655,34.409482008991226,5.333691341845013,116.12602766853156,-24.05023391802737,False
109,109,3L45.pdb,A,82,88,29.403598465925057,17.165866861225716,46.544077578223046,5.664573953359446,30.303274000735787,64.12816787218631,False
113,113,6C78.pdb,A,66,264,52.97701059591243,50.56704790554065,9.896335748852788,5.860441347727852,-59.814407891615545,-38.72790062873163,False
122,122,6EXY.pdb,A,157,221,23.790621376229836,34.33884491352457,58.09711093251384,4.6871695263452935,-130.43499782975428,28.739884853074447,False
123,123,6EXY.pdb,A,209,221,41.96659646757195,21.94982148210067,19.896840756081165,6.998179070720798,15.855596722309244,55.29502498536101,False
126,126,6EYM.pdb,A,157,221,24.22423371459048,34.7011482962249,58.87644668005974,4.703961893149423,-129.9769653520253,28.72250466328339,False
127,127,6EYM.pdb,A,209,221,41.73088557656672,21.153913531001603,20.481805958215087,6.995077511024834,15.407197068752527,56.065335038372055,False
134,134,6FJI.pdb,A,146,114,22.186237527165304,59.83670011855792,45.77534264979073,4.498135128632558,-55.18117319815848,78.16017185585903,False
135,135,6FJI.pdb,A,230,7,16.149240345622218,27.424298811535767,22.05473191646158,6.381868253412323,157.45961405002743,51.2922706166428,False
141,141,3X2O.pdb,A,75,71,86.82541050328918,60.15940294735576,14.740724632525255,5.550868456094866,171.626727046006,95.93198470538414,False
142,142,3X2O.pdb,A,95,67,52.982331564056985,13.812837758201844,2.9934337865981475,6.914722048475781,131.13447930480123,-142.79167892046013,False
147,147,6GTJ.pdb,A,24,176,64.43643496959895,48.02157387801471,0.4362049926460328,6.224384837021242,-147.02497268226813,-104.0248846264432,False
148,148,6GTJ.pdb,A,64,134,77.62003324914147,62.65737099008189,14.827482028971971,5.409961356432064,23.518435249293823,-107.20135716745791,False
149,149,6GTJ.pdb,A,99,134,50.23383971838932,48.113010505969925,47.8843930959352,5.5124602687602815,65.29280752902521,15.133269361708049,False
150,150,6GTJ.pdb,A,220,303,44.45937820543358,45.13662151472499,23.184951970679368,5.826732141096532,85.92435412515276,79.54025298843895,False
151,151,6GTJ.pdb,A,292,263,73.62435414854265,48.01504774434133,25.63821167292823,5.956679262485988,-112.1658124136641,68.99552782892225,False
152,152,6GTJ.pdb,A,295,293,80.9949372866609,74.17226243556532,9.699120188749816,5.137872018355775,-118.9779026192406,78.4475621999114,False
153,153,6GTJ.pdb,A,295,301,77.07704185010836,8.018732939514582,76.26745618587324,5.097246381471179,-155.07308482615235,-149.0790539465363,False
154,154,6GTJ.pdb,A,320,176,74.36814612459878,34.36283027577762,39.78816623535282,6.166558178322791,77.22336775584547,81.71130983815509,False
157,157,6KK8.pdb,A,48,45,69.94356903582789,22.924656230470077,78.17590981325357,5.373338097867096,35.1147600911807,-60.42916629654547,False
158,158,6KK8.pdb,A,50,60,58.91156244460713,65.76448863362276,17.89721888282545,5.361706148785771,-70.09697355807049,-42.13068122330895,False
159,159,6KK8.pdb,A,229,180,87.17256981011788,24.87222830417855,0.8503725507614819,6.055173909459423,24.26020183913302,-114.79116583929374,False
160,160,6KK8.pdb,A,229,224,20.517503277671608,25.987410606153624,12.995234399106309,5.72443016254914,34.30849310324456,-63.13013110960772,False
161,161,6KK8.pdb,A,236,234,58.39820658516598,44.27127188376386,33.83187957644568,6.144437473391526,100.70917756732324,-16.4596020656002,False
162,162,6KK8.pdb,B,48,45,69.50610282381191,22.67492696500713,79.03271861168065,5.40203120921571,34.55948670689884,-57.54381248981214,False
163,163,6KK8.pdb,B,50,60,58.74429146636596,65.72837988425323,17.62292750312544,5.375916149207351,-70.86702774791856,-41.26441602025298,False
164,164,6KK8.pdb,B,229,180,80.06143017273577,37.55113593955304,1.1103401179708616,6.404172630201907,8.917937490877039,-118.78262878025475,False
165,165,6KK8.pdb,B,229,224,23.511755909985848,6.392182292916031,11.72160257845588,6.076132598317554,29.65677812541204,-61.81719519482291,False
166,166,6KK8.pdb,B,236,234,57.76906162929615,47.00729939702983,33.168545950175314,6.281840243968447,104.19628897908714,8.938986231314486,False
169,169,6L26.pdb,A,83,92,47.19374189919407,17.12917292297029,53.25202670785301,5.952034595703971,59.02648111943513,38.291329892009486,False
170,170,6L26.pdb,A,84,74,53.85153301191557,1.6594474752285144,18.47653460167662,6.757380754984443,28.00316401166945,-147.75785589022988,False
171,171,6L26.pdb,A,84,92,62.32936016374539,1.936428137319555,54.492628384790486,5.815405248279492,-111.33074050422576,159.46527605113627,False
172,172,6L26.pdb,A,99,182,79.24387519546339,15.987615007577553,28.16659186363084,5.814353957331651,-146.25195721138476,-92.6947392955688,False
173,173,6L26.pdb,A,100,106,65.33743849919654,20.996375307596463,77.19153886720171,4.781272935639116,78.73971331582652,135.6423673740248,False
174,174,6L26.pdb,A,130,106,46.18424414249981,30.54650612119572,27.87284588804947,5.398143797778707,136.99477920051368,-104.9714235110879,False
175,175,6L46.pdb,A,65,133,75.74167015019366,57.21234790639475,17.955603943465132,5.480113539574902,23.013771466050606,-103.98348445931316,False
176,176,6L46.pdb,A,99,123,70.74846684949438,14.516464497236486,29.7032512800712,5.869323204365212,19.816445907960876,-139.7752018033409,False
177,177,6L46.pdb,A,99,133,67.9054540251488,32.32695532013302,51.09575226706428,5.585384291173053,-158.21911255007396,18.86848336038485,False
178,178,6L46.pdb,A,110,123,71.21887794943534,4.36051116109825,48.72957943704091,5.791477792284547,-162.84350434912457,107.2708016873076,False
179,179,6L46.pdb,A,186,178,72.79118686809338,28.221482259963736,42.29771353392616,5.915729188584892,-114.087283636994,-22.90639851480135,False
180,180,4GPG.pdb,A,52,28,67.3678677695244,3.9751715499180302,36.16852526568904,5.896514678197673,77.10579529564951,74.44777180650776,False
181,181,4GPG.pdb,A,114,109,58.3668134446211,17.85637502865571,13.142600467838692,6.575842111635151,-152.00221719598147,27.995230967785723,False
193,193,4LNC.pdb,A,11,310,76.59517764152622,6.665021765159452,53.86635059250533,5.551700648394613,171.7618006684445,29.47133527704155,False
194,194,4LNC.pdb,A,61,114,66.14283002763626,10.817427333715136,6.479259551974556,7.035516191948511,157.96289743041945,167.36194002503169,False
195,195,4LNC.pdb,A,99,114,23.51130220035398,29.731762784637493,7.070417431433801,5.969437610454758,140.18594376654988,94.54637272933633,False
196,196,4LNC.pdb,A,162,212,87.8794439781262,33.555759376621424,33.13801450447921,6.084141158621305,-96.3100179524647,-96.6189562153243,False
197,197,4LNC.pdb,A,178,134,76.12920823622002,16.921458985962957,29.532336002173476,6.242105202859092,-153.0948684887819,31.55512124116425,False
198,198,4LNC.pdb,A,178,212,18.606105580762883,29.611786560583937,39.1796911125649,5.510958167902457,-0.3784098658550924,-107.98615525453862,False
199,199,4LNC.pdb,A,260,310,36.62114310647441,34.33376641150296,16.02878881639667,5.9527827670726365,67.81128555369742,-59.64337801600196,False
200,200,6NTJ.pdb,A,77,159,84.12302814642025,60.13140015392779,15.51614554538661,5.73684832992918,87.24906781339206,134.95140359602317,False
201,201,6NTJ.pdb,A,116,113,48.86084376467352,75.5575596595373,27.193561086243776,4.777104230851823,93.91026607071724,65.29039937937138,False
202,202,6NTJ.pdb,A,275,248,74.63926013054675,67.32669471964016,2.4620705137649983,5.325592371830681,-64.62428001515102,-54.235169401621214,False
203,203,4N3M.pdb,A,87,91,19.491567153973204,14.861424847662017,10.066831083264669,6.646500969841338,-118.0650118135742,100.77475897890434,False
211,211,4PDJ.pdb,A,125,100,54.419716181282425,17.553106153542284,69.08019606628697,5.107455635302112,-150.24274192289658,29.075182668124945,False
212,212,4PDJ.pdb,A,125,128,86.06402917065789,8.67294921064608,30.031022926458714,6.210537737832707,51.30419989851502,-86.46871124421475,False
213,213,4PDJ.pdb,A,153,151,61.10690019077883,56.1330736549852,7.697127729683221,5.182888380631126,121.96536519142492,89.66246857604675,False
214,214,4PVM.pdb,A,44,69,77.06880067991267,84.91730843217985,7.992679322638702,5.181298052922635,92.92732144106294,112.44328949011236,False
215,215,4PVM.pdb,A,64,69,59.10765923779336,19.289982948631643,69.5571738581827,4.807450039594755,-161.3653353318663,-172.6854111666118,False
216,216,4PVM.pdb,A,64,105,89.15462498861312,10.161249167050483,34.52176106443611,5.889913652103815,90.04340927186287,-86.82111258293133,False
217,217,4PVM.pdb,A,87,114,34.81832238461752,26.7393910096154,40.59894801223999,5.746515467367695,-83.02813985387772,84.83029792507058,False
218,218,4PVM.pdb,A,95,105,42.92486007039752,23.13221940096444,64.78579917849372,5.6576901560304,57.15030973163886,62.478108881239216,False
219,219,4PVM.pdb,B,44,69,74.57629316411094,80.18239497943915,7.81113701340781,5.326285900643533,116.31397944683616,108.3534650293118,False
220,220,4PVM.pdb,B,64,69,43.27618610095432,31.137297386403848,68.55273240787419,4.645447450461768,-166.26853740094606,-165.78558817846783,False
221,221,4PVM.pdb,B,64,105,76.85868282904521,0.7366609238949489,48.65454646526189,5.771579266102536,82.32745118608806,-89.37087013094627,False
222,222,4PVM.pdb,B,87,114,32.44505813775659,27.19792205852517,40.38157697608531,5.715647361121084,-82.19297158961639,82.15403574114842,False
223,223,4PVM.pdb,B,95,105,34.54172599028444,26.79456978133097,55.93687030869824,5.867749555089397,60.36953298517466,66.93453030183682,False
235,235,6U58.pdb,A,66,264,45.099126425986434,50.00817520121017,15.477936943897308,5.747983836950751,-63.68766145000649,-38.12969198992522,False
236,236,4Q49.pdb,A,147,114,21.87254519255513,56.482591043071935,41.660588554813366,4.572661064938352,-57.01287489233755,81.45479940658579,False
237,237,4Q49.pdb,A,231,7,17.90179834900431,28.781659481639423,22.170784145730792,6.318827061704599,157.09593092277294,-54.006595958421705,False
245,245,4QCD.pdb,A,92,212,88.07048423742684,34.961786768128135,24.14214131071114,6.764251173759991,-163.75072047991893,-102.9877355611479,False
246,246,4QCD.pdb,A,158,212,85.61794848303775,37.83330183341732,33.1093511956934,6.526423946715965,-168.77572436844414,117.0408085214401,False
247,247,4QCD.pdb,A,244,212,67.08915970343179,29.09714526869309,36.12859402631975,6.612100047312627,41.67953788270376,-111.668508715078,False
248,248,7A0L.pdb,A,87,91,22.03252117631834,14.168619906597026,9.34921546065935,6.519219835936207,-119.999594789215,99.1531555398101,False
255,255,7AZ3.pdb,A,28,60,18.696052343053022,42.48299480297501,28.21210786129613,5.652311382091428,-10.24931123399018,152.93188808830516,False
256,256,7AZ3.pdb,A,231,210,85.25309850878389,6.767670748040079,3.45893044934032,6.969786915939284,-136.2817400148883,48.40098284870725,False
257,257,7AZ3.pdb,A,231,223,62.16839333998412,41.18164955660978,18.723479783398425,6.429504669198052,91.37951656724265,-49.16555576794749,False
258,258,7AZ3.pdb,A,242,60,56.905371072055445,0.978739875124144,21.55758824615198,6.792071212681175,59.847186825740415,145.9227375852739,False
259,259,4RSG.pdb,A,82,141,10.80365138184888,12.748053502761772,14.549759339152072,6.238169875630786,153.53344290434788,-131.6778624246942,False
264,264,4S2D.pdb,A,14,9,69.07025666161782,3.4374535584568084,72.41119859395198,5.7906531214316805,-100.66434905930237,-176.7451268207202,False
265,265,4S2D.pdb,A,14,171,34.187125992880965,16.369655895211014,48.6438518367648,5.703956847993378,75.62421936413233,9.831726158422724,False
266,266,4S2D.pdb,A,35,27,18.865508695770263,35.005969116185945,24.809735621131036,5.871822732411401,-9.251209807744557,131.74214677139005,False
267,267,4S2D.pdb,A,156,87,81.63434723733259,19.34628119305437,68.63683264570267,5.378136407261231,166.49637498798094,-147.7939824218147,False
268,268,4S2D.pdb,A,180,179,72.41404393173073,11.63933357143628,72.19781421673694,4.8798798655708335,-122.82281793264735,-149.4968936760435,False
292,292,4XPV.pdb,A,14,9,68.03240465561771,0.6804409170063856,66.973873716826,5.712543266330733,-102.89203804481426,-166.24153150705317,False
293,293,4XPV.pdb,A,14,171,32.29914583669236,18.087817262831248,49.692747189213975,5.650625208698113,78.15509021530704,8.593558341081321,False
294,294,4XPV.pdb,A,35,27,17.88111089072649,34.46049616711382,24.504639927975376,5.832742231362089,-11.597421271168802,131.38211588681466,False
295,295,4XPV.pdb,A,156,87,81.33442321313304,21.486592651222725,68.97069733550177,5.363461890147283,165.602678464181,-145.89777269050134,False
296,296,4XPV.pdb,A,180,179,73.40676878822411,8.282440247179727,73.94380631838928,4.86901992107222,-122.21974897165188,-159.7274594911364,False
301,301,7F4X.pdb,A,44,107,72.63186328654223,5.064051816451424,59.67148276248833,5.682174590493561,8.13437270231167,-28.551080636123167,False
302,302,7F4X.pdb,A,68,41,14.02048226834338,38.726414001067965,50.30934892228147,5.214135636193931,-68.04944979301425,151.06119656092457,False
303,303,7F4X.pdb,A,150,149,74.9581967671087,17.326827233635868,52.79252598957153,5.8458495957514325,-130.10605980273215,-113.01483777431518,False
304,304,5A90.pdb,A,66,264,57.46117392272107,51.711950739579656,7.93266595668451,5.8415917590454605,-63.69954615846783,37.70132026386853,False
316,316,7TDU.pdb,A,103,37,85.8385995441718,14.546602129079291,66.36735080677954,5.365390962176007,105.76353377865856,157.1513495247514,False
317,317,7TDU.pdb,A,103,101,41.28225208856601,43.99771064991221,8.580649588831491,5.4783245714052295,-176.68928465801403,97.642421589133,False
318,318,7TDU.pdb,A,112,161,34.93502923935742,23.832618961643217,51.42597881958861,5.682228347673799,101.9529429104723,4.430140229914185,False
319,319,7TDU.pdb,A,140,126,60.05682210425628,63.84911359635976,7.334386904498653,6.159586417815964,129.6771059495311,174.72343045163282,False
320,320,7TDU.pdb,A,140,161,29.804977871539275,33.2123726266519,11.012830864947908,6.839800661519229,104.23390444330276,128.7745687661347,False
321,321,7TDU.pdb,A,159,101,70.59766304732342,17.32532982697745,42.23233284635691,6.2754869951795165,43.62137047787218,33.20169017067081,False
322,322,5C6E.pdb,B,103,145,77.43841419596824,12.165131225963972,40.9547690650309,5.856760299812926,85.88083962960812,-154.6633254326621,False
323,323,5C6E.pdb,B,122,130,45.67595079547107,4.524654443632963,48.86411183238719,6.247570449849481,173.32332161967742,44.319835111565695,False
324,324,7TUR.pdb,A,24,380,80.47069001062479,6.109791983264905,39.99327471636,5.71177536338489,-105.89281492265066,76.57838916342035,False
325,325,7TUR.pdb,A,173,158,6.328989995423062,54.24842486832244,47.89951401366546,4.31812310867921,173.44203774497117,-87.16551915709358,False
326,326,7TUR.pdb,A,173,160,62.49623922694468,45.31822898695361,6.334396946862609,6.020577443867792,38.553504157813485,-78.95965372147023,False
327,327,7TUR.pdb,A,186,134,11.696826874122564,47.24105752360831,55.13147958675052,4.348193302048103,115.35524327408916,-7.688180123822616,False
328,328,7TUR.pdb,A,186,158,32.97523171951303,9.587057277154294,41.87042772590067,5.414488136324586,-141.49000576663863,70.2367877754398,False
329,329,7TUR.pdb,A,218,123,49.20626877584394,61.56238617341035,64.04692322828855,5.300703865335615,-79.99785736729501,-129.5820260508089,False
330,330,7TUR.pdb,A,228,225,80.15611321111541,60.994566410213295,12.1952573810577,6.194772637782282,-22.536548482142177,-61.42603737667886,False
331,331,7TUR.pdb,A,243,242,80.65839861090507,41.74179271909192,16.546070683409912,6.51076899545723,-121.79976296455118,67.45743236228186,False
332,332,7TUR.pdb,A,360,225,86.49750756840112,25.837959797638906,42.17004577887597,6.350638512046367,55.68176286838484,-173.04611688150857,False
333,333,7TUR.pdb,B,1024,1380,76.8073341946964,6.375759699748199,54.99273466254645,5.572404449134245,-91.49937468728253,-72.22869656573296,False
334,334,7TUR.pdb,B,1173,1158,9.27273144951286,51.10324494148297,42.99221815046285,4.509474119331603,177.21084111471205,-83.12622320029895,False
335,335,7TUR.pdb,B,1173,1160,67.34149707470324,49.95435322315824,2.2372544494471587,5.996018338323054,39.621383564808326,-79.45973893879086,False
336,336,7TUR.pdb,B,1186,1134,4.628592890234501,50.969785981203145,55.298986312027,4.344970369690946,132.75504967558078,-21.998206141958207,False
337,337,7TUR.pdb,B,1186,1158,33.391611036737004,12.079235712082784,45.23321102368158,5.563162713122079,27.88578081945835,71.06326317012807,False
338,338,7TUR.pdb,B,1218,1123,53.235839967669335,62.77111103940818,56.22953278728955,5.305058849962039,-75.08214145414054,-126.09609959313596,False
339,339,7TUR.pdb,B,1228,1040,83.81572096343365,26.95435850153618,31.536828381189277,6.224403417403731,82.91435052259834,-55.64824377233556,False
340,340,7TUR.pdb,B,1228,1225,40.233850098778106,45.24675407680494,14.292388721941268,5.977612867706012,-136.13050256596756,-69.30390809328958,False
341,341,7TUR.pdb,B,1243,1242,82.36112088438058,44.46461715098006,14.753970112176596,6.4243456957021134,-123.23099973705553,69.15988513285888,False
342,342,7TUR.pdb,B,1360,1225,79.08250279458056,17.002002971115196,36.67827227750024,6.619223766033547,40.24354049036044,-174.25878311885344,False
345,345,7TX3.pdb,A,6,9,85.37229337477086,29.63603119853675,52.33979943415986,5.705152315242511,-99.95313007977578,-145.13888395821618,False
346,346,7TX3.pdb,A,6,152,4.397835517022628,67.42703895813494,71.80314512570777,3.95018568075993,-18.336248961124124,-24.233493696075715,False
347,347,7TX3.pdb,A,116,113,72.70224805840516,67.75472340665225,14.751050803212108,5.215583445992231,105.98896283624865,-74.20019492060116,False
348,348,7TX3.pdb,B,6,9,81.72945496833943,23.53721389540731,57.20958936340709,5.659039250083101,-105.55664094617065,-145.59168522955795,False
349,349,7TX3.pdb,B,6,152,5.6062280392563935,71.73111791820175,69.22291582151209,3.8107682620961114,-39.79479737828167,-30.72956004273918,False
350,350,7TX3.pdb,B,116,113,72.07052035030088,67.80025972118631,15.884767743327018,5.226039438715518,103.67019251261056,-75.73681500928751,False
351,351,5CCE.pdb,A,21,40,73.94954482990053,11.18346511315594,75.60937003790633,4.78715457438694,-132.73242579056148,75.09068213167359,False
352,352,7TX4.pdb,A,6,9,87.1842183057234,32.00794328385454,57.58726820905832,5.535022770239312,-93.78722325456016,-145.7469390228442,False
353,353,7TX4.pdb,A,6,152,6.046269765352277,65.98828313261693,71.74766783530518,3.7373546748899407,-2.7110639924746294,-21.017663041580924,False
354,354,7TX4.pdb,A,116,113,70.66814499445798,67.21472095908292,15.297320887993704,5.225865133357767,108.49063194074938,-74.61645316370601,False
355,355,5CE4.pdb,A,16,19,11.21065916777971,17.53896254813211,18.642805225544382,6.534260158021792,-145.75488948103697,59.30858883975145,False
359,359,5CG5.pdb,A,17,58,60.93294774914009,1.791384981114313,53.99124871951639,6.223396777148969,47.04667631588824,-19.191260859507643,False
360,360,5CG5.pdb,A,188,290,70.703534670378,16.31375932896736,38.50139125423497,5.998196064361687,71.20943274924866,115.46765720310472,False
361,361,5CG5.pdb,A,203,199,55.53960120600468,12.461163556937368,66.70980482750288,5.519321833095099,63.85942375629035,84.78709573182046,False
362,362,5CG5.pdb,A,203,207,86.76612162826336,5.068034686696679,41.45161963190988,6.897420295021547,-125.53365581599296,44.96126844428429,False
363,363,5CG5.pdb,A,238,317,19.984038476002468,2.991397930532369,16.5473611961223,6.427513684200652,-123.60240530226775,94.91586384553472,False
364,364,5CG5.pdb,A,238,349,10.627972222664113,61.04043773825566,51.73768395279677,4.313847281560963,30.885201480326444,117.51314598382712,False
365,365,5CG5.pdb,A,249,245,26.761914503918245,29.23194828963701,46.99927676289092,5.174723808017162,-12.84196426442004,-121.04754365342868,False
366,366,5CG5.pdb,A,249,305,43.8797374395717,21.368767555073937,10.11076644786906,6.937443782882304,91.53970836882615,45.33628284999942,False
367,367,5CG5.pdb,A,314,245,7.906189848454221,57.79618793925602,64.98590288452333,4.209256462215619,3.2411422715740907,15.467925769323026,False
385,385,5DPN.pdb,A,103,88,57.53754314410686,36.265790435335816,18.40391252548889,6.490551600849583,-78.65613854154302,-142.28707823868945,False
386,386,5DPN.pdb,A,130,88,30.508884380623236,33.73407748303921,61.24411831990102,4.646839760220587,-178.32333325127513,-10.98319929013808,False
387,387,5DPN.pdb,A,132,86,22.036308004159395,48.98456295140501,27.7773806448563,5.625752006916926,102.82204929129156,-34.109161957273514,False
388,388,5DPN.pdb,A,132,113,21.564171129206212,27.13680799940226,36.11132552471272,6.422879560631045,27.33688360093636,34.00838297130937,False
396,396,7YK9.pdb,A,158,212,84.29021902967666,37.91881381276265,33.102117912215014,6.56584134884165,-168.8046266719911,114.38930614910264,False
399,399,7YKB.pdb,A,158,212,85.200963881975,40.27648058589767,33.368090908977315,6.495551479502344,-168.7352301923369,118.91059624869212,False
400,400,7YKB.pdb,A,244,212,65.13478364262816,29.03392271737496,34.30418562024247,6.617212683827426,-147.16711823726774,-110.77201835635968,False
403,403,8DHD.pdb,A,26,30,18.313604859318588,48.89222903895885,58.86411125711441,4.310165036601524,-177.25831291152943,-44.20646671134128,False
404,404,8DHD.pdb,A,150,152,43.43847802854944,39.580652786984736,20.79362447675505,5.589489387534001,106.74126096174292,-70.1317344863576,False
405,405,8DHD.pdb,A,159,158,87.6564132291451,81.61796527010598,1.222255430142187,5.112531646253221,178.8374435157239,70.17170444285225,False
406,406,8DHD.pdb,A,159,213,31.16977307175726,40.35853653905095,13.86812314289532,5.754803320631063,111.2253646914474,80.45876066547997,False
407,407,8DHD.pdb,A,163,152,54.38669641340152,7.532596135438289,43.66300019572692,6.0486181194892055,73.02416924790784,-170.94515603834125,False
408,408,8DHD.pdb,A,220,238,56.52524453627112,23.430722358834025,76.99167179458598,4.69185148389583,16.248101237498616,89.32920723141011,False
409,409,8DHD.pdb,A,262,158,22.446774924649844,18.04196603117847,38.92346629015833,6.31695787949875,-3.756174194834568,-77.01606640512016,False
410,410,8DHD.pdb,A,268,108,56.89431107280604,37.210765431769325,37.56675860005035,5.773346982996183,177.90388060266991,-60.01327981132544,False
