Unnamed: 0,pdb_file,chain_id,res_i_id,res_j_id
7766,3QGU.pdb,B,52,416
6955,3O14.pdb,A,111,87
4811,3B0G.pdb,A,40,26
4944,3B9T.pdb,C,86,141
23431,8DOR.pdb,C,184,67
14384,5FVJ.pdb,B,46,114
14886,5K7A.pdb,A,132,268
18859,6J0P.pdb,B,560,2
18334,6HIH.pdb,A,102,110
5016,3BER.pdb,A,106,102
10399,4LAN.pdb,A,326,68
11984,4QPN.pdb,A,46,55
16224,5RW1.pdb,A,333,569
12951,4Z6M.pdb,B,108,117
21712,7CQ3.pdb,A,10,297
2646,2GUI.pdb,A,124,91
16435,5USW.pdb,C,158,206
22424,7KD7.pdb,D,154,50
18400,6HPH.pdb,A,450,509
18176,6FNW.pdb,A,791,781
21062,6YX3.pdb,A,238,276
7752,3QEX.pdb,A,340,338
18811,6IX8.pdb,A,169,185
17552,6CBN.pdb,A,315,211
10666,4KH8.pdb,A,97,198
10149,4HQZ.pdb,A,102,100
6499,3LJK.pdb,A,32,28
22564,7KQU.pdb,A,50,244
16971,5WP4.pdb,A,181,177
15102,5JGY.pdb,B,281,282
15051,5JCA.pdb,L,200,314
7879,3S6F.pdb,A,11,96
18899,6J33.pdb,B,732,675
5813,3G4E.pdb,B,178,190
12079,4RZ4.pdb,J,131,134
9454,4ERR.pdb,A,3593,3601
12853,4XJY.pdb,C,127,123
11906,4QIT.pdb,B,134,275
21492,6YJH.pdb,A,100,99
6856,3MN1.pdb,F,35,69
23133,7V1X.pdb,D,421,417
20879,6WES.pdb,A,143,99
15738,5MH6.pdb,B,50,66
17195,6AVX.pdb,A,43,55
7203,3NEC.pdb,D,102,148
2068,2BKL.pdb,A,298,307
6034,3I3F.pdb,A,101,118
18535,6GPK.pdb,C,218,214
17825,6EQS.pdb,B,162,106
20298,6RIM.pdb,H,289,281
20441,6TAC.pdb,A,322,286
14560,5GJO.pdb,A,201,198
23417,8CTR.pdb,D,108,116
11084,4N2X.pdb,E,40,43
19012,6JDZ.pdb,A,295,246
12166,4TLA.pdb,F,67,141
8773,3WA2.pdb,X,617,269
585,1JZ8.pdb,D,209,210
13093,4ZBD.pdb,B,170,206
6671,3KWS.pdb,B,224,253
7797,3QK8.pdb,F,72,255
10535,4IPB.pdb,B,60,84
2430,2DEB.pdb,A,137,151
16694,5XJ1.pdb,A,146,135
2041,2BJK.pdb,A,303,341
23214,7VEV.pdb,A,126,209
16196,5U9P.pdb,D,208,155
242,1DGF.pdb,C,82,320
19847,6Q5A.pdb,A,420,241
18067,6FDF.pdb,D,173,170
8523,3VGL.pdb,A,116,115
8267,3T7L.pdb,A,760,766
