,pdb_file,chain_id,res_i_id,res_j_id
7303,7C64.pdb,A,26,318
14889,4Q7Q.pdb,B,227,224
13250,6YCG.pdb,A,72,110
15287,1HT6.pdb,A,5,324
23096,3BVX.pdb,A,99,133
30756,5LUN.pdb,C,314,75
6616,1IOM.pdb,A,94,85
669,3O14.pdb,A,119,85
2950,6DVH.pdb,A,198,44
20325,3S8G.pdb,C,31,27
37319,3GO5.pdb,A,139,170
13934,5VIQ.pdb,A,172,170
5497,6IX1.pdb,B,122,131
31803,5KJV.pdb,B,182,291
15910,5O1L.pdb,B,122,257
33524,6FJL.pdb,B,74,41
16802,5JHX.pdb,B,95,97
30178,3KKZ.pdb,A,206,205
4265,3DZA.pdb,C,76,196
10464,4Z8A.pdb,A,1471,1453
9616,1LFW.pdb,A,444,113
33154,5ZN6.pdb,D,292,377
36734,5JCI.pdb,A,25,9
1697,2B61.pdb,A,68,344
13661,2WN9.pdb,C,204,174
16132,5F05.pdb,B,29,23
23589,5FAV.pdb,B,545,539
34740,2HIY.pdb,B,64,68
10850,3WAS.pdb,B,324,284
37354,3T4S.pdb,A,243,203
16632,4YG0.pdb,A,206,82
24553,4KRX.pdb,B,145,152
38764,5BS1.pdb,D,130,126
29004,3MK1.pdb,A,375,325
31412,5J49.pdb,A,269,40
33300,3ZVS.pdb,C,31,4
5276,4BRC.pdb,B,115,133
10431,7W2I.pdb,C,109,16
39079,3PNZ.pdb,C,18,20
9171,7JJA.pdb,A,434,343
3833,5MSA.pdb,D,261,191
8223,5UKI.pdb,A,337,101
36025,1YYA.pdb,A,201,197
2972,6DVH.pdb,D,95,125
34107,2X2S.pdb,B,3,107
9368,6TVE.pdb,P,247,286
29537,5OYA.pdb,G,112,107
12335,6LGI.pdb,A,153,207
30860,1V02.pdb,A,31,450
3180,7FE4.pdb,C,121,131
28483,2HBW.pdb,A,168,186
1989,3VL1.pdb,B,274,255
18100,7FE1.pdb,B,337,319
4681,6ZXU.pdb,C,165,214
32393,5NS6.pdb,B,346,285
12379,3TRD.pdb,A,111,78
6229,3TNO.pdb,B,22,214
411,6RS4.pdb,B,301,201
10717,3MMG.pdb,A,186,190
21064,6OJA.pdb,E,264,267
13755,4YFB.pdb,I,19,4
28213,3BV6.pdb,F,354,351
17826,5XK6.pdb,A,85,87
29717,3KGR.pdb,C,58,103
17546,4MTS.pdb,B,39,34
19822,2WAN.pdb,A,854,872
10553,5UQS.pdb,C,181,185
36203,2H2I.pdb,A,48,40
40269,3R3S.pdb,C,165,209
23306,3IRS.pdb,A,36,250
6961,5GNX.pdb,A,428,417
11262,5VXF.pdb,B,194,53
12428,7L6J.pdb,A,42,41
1575,3ZTP.pdb,C,134,130
11571,6SJ8.pdb,B,34,87
13196,6RXD.pdb,B,397,135
4334,2P2S.pdb,A,166,167
14558,2XFG.pdb,B,503,537
30428,3NSL.pdb,C,58,85
28501,3TOY.pdb,A,52,54
30190,3N4J.pdb,A,66,63
18754,5YJ7.pdb,A,360,359
23211,4R03.pdb,A,135,131
7950,2E4T.pdb,A,479,399
39347,3U7I.pdb,C,104,151
26962,1I4U.pdb,B,63,56
31927,6M64.pdb,A,356,426
4171,6TBI.pdb,B,108,187
27597,6ECV.pdb,A,1140,1231
38352,3UB1.pdb,D,293,267
3097,7NPA.pdb,K,391,364
2033,4GB7.pdb,A,244,246
13925,4DNX.pdb,B,283,51
7724,1Y0H.pdb,A,12,77
16002,1HTR.pdb,B,308,312
30357,3TCV.pdb,A,50,112
26093,4D6G.pdb,A,726,716
16294,5U2O.pdb,A,293,247
36651,6QO0.pdb,D,54,58
12803,6YJI.pdb,A,451,454
6361,4FGL.pdb,B,106,155
38894,5G1A.pdb,B,306,134
40426,1KQ3.pdb,A,282,356
7751,1KYF.pdb,A,938,915
38198,4QHQ.pdb,A,271,250
39944,7WRK.pdb,A,80,50
6002,3I10.pdb,A,152,149
33330,5FDF.pdb,A,283,286
16124,6HJF.pdb,A,323,325
7769,1DGF.pdb,A,286,231
21767,5N7Q.pdb,B,279,322
6402,6XL7.pdb,A,77,25
10156,7MO5.pdb,A,90,98
9470,5A7V.pdb,B,38,371
28956,6PBM.pdb,A,379,426
29153,4P47.pdb,A,223,200
9550,1X6I.pdb,A,43,32
3436,4LW2.pdb,B,218,216
17896,6H2R.pdb,C,252,202
26045,4Q2U.pdb,H,81,12
37718,1T0B.pdb,E,179,155
12991,3RO8.pdb,H,172,191
20360,2W5V.pdb,A,345,63
2801,5OBY.pdb,A,129,128
20122,5OJ7.pdb,A,270,246
39033,6GCB.pdb,B,289,277
12223,6S07.pdb,A,66,146
3493,5GY7.pdb,B,288,286
18501,5INR.pdb,C,348,392
2425,7BIZ.pdb,A,564,325
27203,3GKB.pdb,A,176,184
34667,4C3S.pdb,A,423,418
23192,2VQ2.pdb,A,113,110
40297,4PSR.pdb,B,252,256
21048,6OJA.pdb,C,272,275
6568,1VKN.pdb,C,98,117
8831,7CKA.pdb,A,173,174
31134,3V4N.pdb,C,304,205
36676,7Z28.pdb,A,292,296
7429,1KQF.pdb,C,59,138
5655,2IID.pdb,B,105,101
20680,6BGD.pdb,A,18,318
12431,7L6J.pdb,A,181,152
20658,5A12.pdb,A,24,199
10048,5TA0.pdb,B,165,143
1784,6WYC.pdb,D,138,328
30553,4F5L.pdb,B,187,157
14318,5XZT.pdb,K,86,30
16536,5A99.pdb,A,126,170
26021,6R3R.pdb,A,442,450
15448,7WAB.pdb,A,84,97
24749,6KHL.pdb,A,235,236
1817,3GVE.pdb,A,114,110
27709,5GZK.pdb,A,145,272
