,pdb_file,chain_id,res_i_id,res_j_id,distance,Theta1,Theta2,H-bond
0,5KWF.pdb,A,107,98,5.836216658267932,56.56452833908927,38.86588442349075,False
1,5KWF.pdb,A,144,128,5.472806802242498,45.89498597916258,46.25248209078611,False
2,5KWF.pdb,A,147,150,5.26670851873653,68.77391134776268,21.5122626707894,False
3,5KWF.pdb,A,284,283,5.252593219800869,52.84094055791711,44.02073174837882,False
4,5KWF.pdb,A,461,463,5.919781777304429,48.157086047608594,63.36810188633548,False
5,5KWF.pdb,A,461,496,4.137574912125,32.26497107057216,29.061360140981428,False
6,1LZN.pdb,A,53,45,5.946594420831622,52.309216088573805,46.96414092318514,False
7,5NFE.pdb,B,69,34,5.875081542685543,41.71640859484092,73.09586161121717,True
8,5NFW.pdb,B,69,34,5.731565879657317,44.05268009161344,75.1276056825969,True
9,5NFW.pdb,B,78,21,5.893721579707652,61.59528153965822,58.4371502214097,True
12,2R24.pdb,A,103,69,4.068893905748972,31.29622948072465,30.01105923849314,False
13,2R24.pdb,A,189,293,3.999741469253525,11.763810347217992,25.53027599388884,False
14,2R24.pdb,A,291,232,3.958299724652969,19.70886370308297,6.2986605292777,False
17,5TKI.pdb,A,91,150,5.341144910132968,42.537927823070575,62.94771814365487,True
18,5TKI.pdb,A,194,150,5.906700680015403,54.26998325743931,49.66760947337381,False
19,5TKI.pdb,B,91,150,5.317348524381654,43.2379562841554,63.56778144155013,True
20,5TKI.pdb,B,194,150,5.907496369177938,54.250549886671415,48.56014763306092,False
21,5WEY.pdb,A,176,90,5.778618592757142,12.348827874011617,67.4501968399906,True
22,2ZYE.pdb,A,59,57,5.725231125755468,85.47990141040904,57.72018650631615,False
23,2ZYE.pdb,B,159,157,5.679299622485465,89.39583742711676,63.85921013154114,False
24,5XPE.pdb,A,18,14,4.6539411542644205,44.671628849661154,40.956577171534,False
25,5XPE.pdb,A,88,96,5.023221277571902,31.599566099249923,41.34688472627818,False
26,5XPE.pdb,A,161,148,5.772646934979563,41.776648916893,80.79818429134606,False
27,5ZN0.pdb,A,23,19,3.914329613050721,20.08924555751814,21.086846790134025,False
28,5ZN0.pdb,A,136,169,5.464516673722672,39.28117183856395,16.946404593619096,False
29,5ZN0.pdb,A,188,155,5.986980900512532,57.66140709543116,51.30686562572159,False
30,5ZN0.pdb,A,196,195,5.511324553814819,43.68968939321939,48.08438909920536,False
31,5ZN0.pdb,A,239,268,3.938160595564414,33.59012034159612,24.23129940490025,False
32,5ZN0.pdb,A,323,134,4.722321747040638,52.36797664672949,32.15914775621429,False
33,5ZO0.pdb,A,115,141,5.476974332226835,54.635913613896086,63.76132971232544,True
34,5ZO0.pdb,A,135,119,5.673379117951392,30.82778314573041,47.45165434023787,False
35,3KCJ.pdb,A,3,308,5.475979808603384,73.89847217068257,23.1692314835296,False
36,3KCJ.pdb,A,280,284,4.835635611207343,63.90683669412169,30.523484697783665,False
37,3KCJ.pdb,A,310,284,5.995515925997011,59.18859690796269,88.18690933460273,False
38,6AJZ.pdb,A,118,113,4.533150152683521,44.26021697972822,27.714143768045115,False
44,6C78.pdb,A,60,61,5.4118574231034415,49.86783508369321,37.13957390266836,False
45,3QF6.pdb,A,63,39,5.395981021979919,46.282275046414014,47.63261864178398,False
48,6EXY.pdb,A,221,224,4.942232099484306,59.853625370579024,33.698730826231746,False
49,6EYM.pdb,A,221,224,4.969430178850768,59.33588307072787,33.78845597115774,False
51,6FJI.pdb,A,193,253,5.559000465309195,73.11569784051582,40.06963652244243,False
55,6KK8.pdb,A,166,175,4.07106987787923,25.10989361078278,28.174034706630696,True
56,6KK8.pdb,A,234,184,5.084216457603558,79.10102147313702,21.684964152613706,False
57,6KK8.pdb,B,166,175,4.059485781084549,23.441722052752223,26.841629892536027,True
58,6KK8.pdb,B,234,184,5.349147611774951,82.3708451162988,24.731587953213417,False
59,6L46.pdb,A,160,229,4.660940406917848,45.38263864824808,22.5343435923064,False
60,6L46.pdb,A,231,229,5.570232162442505,47.86298819787995,72.68407366849944,False
69,4LNC.pdb,A,3,308,5.424123199281078,67.82933094621853,23.58130126538177,False
70,4LNC.pdb,A,280,284,4.923541364954039,64.29844178960776,21.719688812428675,True
71,4LNC.pdb,A,310,284,5.977131892524937,56.31850866652427,83.51147673410614,True
72,6NTJ.pdb,A,232,243,4.881602247362448,78.55989266302744,9.305641655717649,False
75,4NY6.pdb,A,63,39,5.320090725373844,47.91882682887867,39.02249663381936,False
76,6U0B.pdb,A,18,14,4.952771156441636,41.21869468177077,49.522683542825206,False
77,6U0B.pdb,A,88,96,4.874957890563179,34.61640946871671,43.110410346356666,True
78,6U0B.pdb,A,161,148,5.810939622426059,43.14991297871883,80.01438787663238,False
79,4PVM.pdb,A,78,21,5.775680463529946,59.649085819114646,68.96126413422513,False
80,4PVM.pdb,B,69,34,5.88905653894555,40.17855219110871,73.27630154711557,False
81,6U0E.pdb,A,18,14,4.814047542070152,38.60391609748812,58.988298024135645,False
82,6U0E.pdb,A,88,96,5.014810364596918,35.42260776027751,54.029189422939936,True
83,6U0E.pdb,A,161,148,5.845004419488356,36.728342454733415,78.87882033414557,False
86,6U58.pdb,A,60,61,5.609583108469585,48.84444414482052,34.537835614272446,False
87,4Q49.pdb,A,194,254,5.57309475422089,72.5485100538648,35.71061845987301,False
90,7AZ3.pdb,A,102,98,4.604392992164224,50.6903204777847,32.85841967870688,False
91,4RSG.pdb,A,96,68,5.195994711801168,52.12198612044788,39.61867792776348,False
92,4RSG.pdb,A,137,97,4.427120566477292,34.57417186339299,50.011378977677474,False
93,4RSG.pdb,A,157,161,5.9286387940567735,67.65595855910817,37.87159955129391,False
95,4S2D.pdb,A,115,141,5.47900707145178,54.24124136612137,65.64249369186905,False
96,4S2D.pdb,A,135,119,5.414492018527718,21.84210842651404,44.898373141028245,False
105,4XPV.pdb,A,115,141,5.43191573975898,54.17911425514243,63.67116251491722,True
106,4XPV.pdb,A,135,119,5.57382311584663,31.315282184655977,47.05352685314672,False
107,7F4X.pdb,A,15,272,5.636146419155804,38.0506081610543,83.18701021852226,True
108,7F4X.pdb,A,107,49,5.212714612109706,44.75577110814608,47.624548274979446,False
109,5A90.pdb,A,60,61,5.511117044534823,48.35344956460125,40.92302575858131,False
115,7TDU.pdb,A,54,40,3.886963942132924,37.16348492245815,25.81211919111181,False
116,7TDU.pdb,A,182,105,4.619866605942491,34.31940025427934,23.39081100807028,False
117,7TUR.pdb,A,40,329,5.581264209290234,37.05260350004042,81.35070840751541,False
118,7TUR.pdb,A,134,156,5.758353127824691,55.13953705239844,63.38645110066263,True
119,7TUR.pdb,A,399,31,5.384027452967019,57.75776339010592,44.695312377982695,False
120,7TUR.pdb,B,1134,1156,5.57064602767461,51.09515887034261,63.69536518890872,True
121,7TUR.pdb,B,1399,1031,5.305432074303961,58.40050877274701,38.47108603563137,False
123,5CG5.pdb,A,204,60,5.558561432318396,47.2785140373913,65.19435542020605,False
133,5DPN.pdb,A,158,93,4.591276080108299,37.20158649045408,17.91135081291348,True
142,5E5J.pdb,A,59,57,5.418696402962711,89.40060222644497,65.44530710888114,True
143,5E5J.pdb,B,59,57,5.477190389631512,86.55981194276869,61.69613195312863,False
