,pdb_file,chain_id,res_i_id,res_j_id,D,Ttheta1,Ttheta2,H-bond,CH_bond
0,1LZN,A,53,45,4.818378191904631,49.97375666683275,49.86280683636142,True,False
1,2R24,A,103,69,3.754056823597052,22.91030567619925,39.677596697204514,False,False
2,2R24,A,189,293,3.7125300600227638,17.797417229108923,37.309364476417436,False,False
3,2ZYE,A,59,57,5.328918076669363,81.62805994037139,58.31907835304543,True,False
4,2ZYE,B,159,157,5.210597895082665,49.19005919840851,57.676292340539746,True,False
5,3KCJ,A,280,284,3.612999211901485,22.602495407257358,25.931810998314816,False,False
6,3KCJ,A,310,284,5.825881700060097,79.30386815169923,70.50357535471252,True,False
7,3KCO,A,280,284,3.593490783044254,20.955379002623445,24.17022812751398,False,False
8,3OTJ,I,35,20,3.5610514254291594,21.64848145028006,23.139708382332135,False,False
9,3QF6,A,63,39,3.5536482783775654,21.183408711337187,22.57377936447043,False,False
10,3QZA,A,280,284,3.620617345462999,20.653585843094223,25.386795106882523,False,False
11,4LNC,A,310,284,5.922902260185482,73.8942904119194,76.00532515756423,True,False
12,4LNC,A,3,308,4.11281229904187,39.50239099929649,29.637949735046384,False,True
13,4NY6,A,63,39,3.5384465963703193,22.88651017095058,22.081451703669696,False,False
14,4PVM,A,78,21,5.821700871749416,60.87281648537016,69.56542448373816,True,False
15,4PVN,A,78,21,5.783930339543279,60.248085752905205,74.27858509621622,True,False
16,4PVN,B,69,34,5.016519581589704,30.313586352625492,82.28152400413187,False,True
17,4RSG,A,137,97,4.7973818366876,41.75954518059482,53.004227106347535,False,False
18,4RSG,A,157,161,6.3139251344175005,70.32055178557826,79.7821978332577,False,False
19,4S2D,A,115,141,5.485910677038603,52.06810133568404,64.09226175872533,True,False
20,4S2D,A,135,119,4.402491145935163,17.17955045633598,55.5480126548407,False,True
21,4S2F,A,115,141,5.71142575466232,73.16837620983723,46.6777053640626,False,False
22,4S2G,A,115,141,6.537807888315765,74.92274122815179,77.33946411568098,False,False
23,4S2G,A,135,119,4.312740439475286,39.562705168465165,38.70985763806097,False,True
24,4S2H,A,115,141,5.468858086874906,51.243600275862796,64.9128020710151,True,False
25,4S2H,A,135,119,4.239991885097394,40.46361692688932,38.685897794127214,False,True
26,4XPV,A,115,141,6.215932123611969,59.10001752437818,83.28330306179407,False,False
27,4XPV,A,135,119,4.223550152434835,39.314220715664234,38.373810574010065,False,True
28,5A90,A,60,61,4.034048290373026,39.92242345490397,28.815924222901668,False,True
29,5A93,A,60,61,4.254234021042054,41.21165594596958,38.08418163085472,False,True
30,5C8I,A,194,254,5.879630654982775,66.30451778802534,49.263675179944784,False,False
31,5CG5,A,204,60,4.120610224567684,9.856000724747553,76.41614426494989,False,False
32,5CG6,A,204,60,4.1102991030405915,5.183425825976089,84.33661157079727,False,False
33,5DPN,A,158,93,3.58710443234632,21.215046592531156,25.704445430716344,False,False
34,5KWF,A,107,98,5.651226214905023,52.46027664260152,80.20516840122814,True,False
35,5KWF,A,144,128,4.705681989641884,20.284833148556906,65.27461373612033,False,True
36,5KWF,A,461,463,5.610836677237244,55.91799617358188,38.313837705819004,False,False
37,5KWF,A,461,496,3.5677678990012063,23.01103861397937,10.746255272366906,True,False
38,5PTI,A,23,1,4.458232499077793,7.887794720633287,89.05225302053394,False,False
39,5PTI,A,35,20,3.5820195104338652,21.039217028059063,22.717710579235863,False,False
40,5TKI,A,91,150,4.604869189044733,12.449998920802633,69.20329255440922,False,True
41,5WEY,A,176,90,3.9411873869360496,16.805214187491337,50.08381088825467,False,False
42,5XPE,A,161,148,4.80876205925992,29.836700310829592,74.88892456930895,False,True
43,5XPE,A,18,14,4.391808057205363,34.08013414195269,42.664616931032775,False,True
44,5ZN0,A,136,169,3.56432382195988,24.524914446556068,22.48353804022131,False,False
45,5ZN0,A,239,268,4.22047599878464,40.51110647964504,37.30561167718901,False,True
46,5ZN0,A,23,19,4.062991977230098,40.85396257550828,27.33901378048489,False,True
47,5ZN0,A,323,134,4.0559837013897475,39.87360217155055,27.63060677452509,False,True
48,5ZO0,A,115,141,6.005226826731757,57.56349309000917,72.75352442103053,True,False
49,6AJZ,A,118,113,3.6474032508797523,19.206520967772782,32.78147599231753,False,False
50,6C78,A,60,61,4.237792314753642,40.54964009559043,38.52581007011645,False,True
51,6EXY,A,221,224,4.195785724956623,39.0552312448299,47.10123325420509,False,False
52,6EYM,A,221,224,4.194351799623378,39.16446779310775,47.37291809888919,False,False
53,6F2Q,A,221,224,4.16049871008141,38.167507389575135,48.114455948552084,False,False
54,6KK8,A,166,175,3.611806183463609,22.37723560496655,24.174137113468518,False,False
55,6KK8,B,166,175,3.7468522760168175,20.246376217366464,37.199448919177875,False,False
56,6L46,A,231,229,5.564818439128753,54.13625349587044,70.17151940374339,True,False
57,6L9C,X,144,188,4.188701556190619,44.02551377793326,32.13571529767457,False,True
58,6L9C,X,178,154,4.420337628924606,4.909728557518352,77.55015137583287,False,False
59,6L9C,X,391,370,5.682609800631996,52.91512283814221,79.8625583414416,True,False
60,6U0B,A,161,148,5.258987626612828,41.070982116176346,77.73167111255914,True,True
61,6U0E,A,161,148,5.12497999886722,28.857135904933198,75.72119164707263,False,True
62,6U58,A,60,61,4.271129116592788,41.43999667572297,38.62732724067058,False,True
63,7AZ4,A,102,98,3.554021433742372,20.761173688165186,21.36711309690567,False,False
64,7F4X,A,107,49,3.7004772373996944,18.529489937452134,38.16631581732402,False,False
65,7WNO,X,144,154,3.617749760898331,20.312423384396645,27.253196357462443,False,False
66,7WNO,X,391,370,5.622693882961808,51.64837595668048,75.06398333735972,True,False
67,7AZ9,A,102,98,3.553344448510957,21.035158052147533,21.195849874129014,False,False
68,7T5E,A,194,150,3.949570870539136,16.681491890951385,55.19181274973434,False,False
69,7WNO,X,178,154,4.445129089967307,3.140894118006654,74.68503907510703,False,False
70,7WNO,X,546,49,3.5375158151763304,21.97256705625434,22.80999584896685,False,False
71,6L9C,X,364,366,3.5414780888534225,20.88339534295893,20.967056520717406,False,False
72,6L9C,X,546,49,3.529955141469526,21.945870162228864,21.770438056111228,False,False
73,6U0B,A,18,14,4.783746107473746,26.06993656830589,68.416198400974,False,True
74,6U0E,A,88,96,5.130288195917884,29.704758765660063,79.37906210889459,False,True
75,7AZ3,A,102,98,3.5533814232579086,20.895795056771906,21.411306989498605,False,False
76,7AZA,A,102,98,3.552325817520923,21.02974382853064,21.125475232702776,False,False
77,7T5E,B,91,150,4.7845577767411775,20.672078451745907,76.1897317192335,False,True
78,7WNO,X,364,366,3.550831964975358,21.585392668552405,20.837187307946525,False,False
79,7WNO,X,552,252,3.659166494240687,20.6884111873817,30.2695308813059,False,False
80,7WNP,X,144,154,3.5378698784096048,20.521666891249687,20.852573848229422,False,False
81,7WNP,X,144,188,3.986709752360968,36.844540599992925,24.868191937229213,False,True
82,7WNP,X,178,154,4.415601115565478,5.088416243280919,77.4599072014968,False,False
83,7WNP,X,364,366,3.5492694969509193,20.93817918219604,21.086850614127243,False,False
84,7WNP,X,389,370,3.5846719422665214,23.041560206082757,23.040959555827456,False,False
85,7WNP,X,391,370,5.64465640278536,58.6389390216444,70.8765954059167,True,False
86,7WNP,X,546,49,3.580586813224883,23.482811878554216,23.850419802747073,False,False
87,1MV8,D,191,122,3.55773028462699,23.740158368570185,23.26272449086613,False,False
88,1R6D,A,281,215,3.592159072081494,23.98975036707953,25.64782468237459,False,False
89,1V02,B,296,301,5.1683731063510745,76.48709335260696,19.69308860138715,False,False
90,2A40,B,148,185,4.111149260541781,40.18960087622408,28.51098333433923,False,True
91,2CX1,A,76,74,4.366018908004525,27.09754432774116,79.05386316240612,True,False
92,2CXN,B,363,370,4.979334829522277,76.44559304106856,10.910143662050759,False,False
93,2EAB,B,145,179,5.7739243527180495,63.6989540308073,73.26432683831199,True,False
94,2HP0,B,145,97,3.76990798228185,20.47502084933172,43.43057051525289,True,False
95,2NW8,A,210,279,5.054078973166627,63.00276512876148,44.501066234462584,True,False
96,2VFO,A,150,148,5.5969251385223355,84.44837530350308,51.504055939327756,False,False
97,2VVT,B,157,158,3.620144417882481,22.301161708611577,24.937706746796128,False,False
98,2WIY,A,181,471,3.5417227293915228,21.4814431509448,20.064422111047424,False,False
99,3H8G,C,124,171,3.5076400062594946,21.395950745685514,20.520990848424788,False,False
100,3HX8,C,140,130,4.602243938191628,15.491125849126348,67.72963625729471,False,True
101,3LGI,A,90,88,4.754171868558947,67.1753752648144,11.417543350396555,False,False
102,3T7V,A,202,159,4.3258530525052885,38.11039253519614,41.09533338292813,False,True
103,3WAS,B,130,88,3.654648632876865,24.121087612396295,29.176109261453814,False,False
104,3WY2,A,389,400,5.303338448271874,78.80815322126591,8.855121191631413,False,False
105,3ZNU,C,42,41,6.035395976053417,42.464002724806214,80.2618927659488,False,False
106,4DO4,A,349,344,3.933521050133166,34.97907863976137,22.833147307169384,False,True
107,4E2B,A,371,29,5.164005137446057,84.64763255706956,10.08337695856612,False,False
108,4EIS,B,89,153,4.372478308488987,5.2625272611089535,67.23519028257822,False,False
109,4GF0,A,152,195,5.0349235481965495,19.86922886130749,71.44350222889368,False,True
110,4J1O,A,240,160,5.817382318098833,64.6539662830581,66.07784807294844,False,False
111,4S28,A,286,343,4.825462033460576,20.83504236778845,83.2042743842613,False,True
112,4XLG,A,14,36,5.647853367169052,62.4704219849596,60.65844657549358,True,False
113,4XLZ,A,246,232,5.505492634162272,50.808503184253524,70.7692319522333,True,False
114,4YNU,A,125,99,4.702876687564639,41.66528430260725,47.73091136267625,False,False
115,4ZX2,A,313,275,3.6406245710262075,20.31109767931096,28.890307042269097,False,False
116,5A12,A,143,142,3.5681137094570947,22.453339955548103,23.42252626959934,False,False
117,5ECK,F,32,20,5.364650789450308,77.0257657911714,16.858745094584172,False,False
118,5F4W,B,145,148,4.16372009092164,42.64370208758787,29.203024376366685,False,True
119,5G4I,A,35,395,5.106217146085497,29.654862174800833,77.7971483691904,False,True
120,5GIZ,A,75,288,3.5838277929383144,20.517910601328456,24.580066937449814,False,False
121,5GJO,A,364,359,3.5927424431197075,21.35985960630794,25.75501505203567,False,False
122,5HJ5,D,121,120,5.892820116847065,82.6927763405875,46.03171187934232,False,False
123,5JDA,A,270,266,3.8971277163825753,17.903371418633032,46.21408812205217,False,False
124,5JOW,A,518,323,4.441477347436879,5.484906399744497,77.97812925410518,False,False
125,5M31,A,73,72,3.7625327170011,26.908479269668934,20.312381070810375,False,True
126,5M5Z,A,118,541,5.487823246530338,89.53704598430666,66.93799848004971,True,False
127,5NJ9,A,120,207,4.734539513060261,22.670096497645744,65.664768055176,False,True
128,5OW0,B,31,30,5.118410579615642,67.82968741467255,23.01883382390311,False,False
129,5UXY,A,262,167,6.311037130006448,58.022186652478666,45.47295872827515,False,False
130,5YSE,B,391,392,3.894619729767597,16.44623010616686,54.937407672436066,False,False
131,6FLW,A,145,123,3.548976054294817,20.938566375675087,24.232491453563956,False,False
132,6GIT,A,390,352,5.316137686521275,67.88206891536841,53.72172532048283,True,False
133,6HBE,A,224,143,4.076043483323367,39.82209135466813,30.43221113309312,True,False
134,6HTO,B,242,193,3.953504654521173,14.570156163626612,57.498323200480854,False,False
135,6J3P,A,786,781,3.9826333664848126,34.659267026165466,25.815182574696063,False,True
136,6KIK,A,226,203,3.5980012794390355,21.96393487465364,24.832644229871743,False,False
137,6NCS,B,55,60,4.458112353104683,5.743899812450024,83.16723626589008,False,False
138,6R1M,A,428,412,4.1034314410350765,12.568235706415837,50.996223752169215,False,False
139,6SXT,A,464,462,5.119934379028529,72.18868979865843,7.533774644826758,False,False
140,6XMR,B,329,337,5.915509623687256,67.25300690101315,82.87641875790189,True,False
141,7CBR,B,296,158,4.23313271791743,41.2686054195653,45.58393919630733,False,False
142,7DC4,A,120,95,4.019204378519396,39.30363317861813,27.127769802400096,False,True
143,7FEV,A,218,214,5.2706619910392725,80.51899632153122,6.499044325602421,False,False
144,7P3T,F,173,135,3.5598250519290193,21.40666211820674,24.77048700347586,False,False
